mtllib Fingerboard.mtl
o node
usemtl DefaultMaterial
v 35.28799819946289 -23.766000747680664 0.5400000214576721
v 34.27399826049805 -23.73200035095215 0.7400000095367432
v 34.74700164794922 -41.82899856567383 0.4000000059604645
v 33.733001708984375 -41.79600143432617 0.6000000238418579
v 34.74700164794922 -41.82899856567383 0.4000000059604645
v 34.27399826049805 -23.73200035095215 0.7400000095367432
v 33.733001708984375 -41.79600143432617 0.6000000238418579
v 34.27399826049805 -23.73200035095215 0.7400000095367432
v 33.42499923706055 -23.70599937438965 0.9390000104904175
v 32.88399887084961 -41.76900100708008 0.800000011920929
v 33.733001708984375 -41.79600143432617 0.6000000238418579
v 33.42499923706055 -23.70599937438965 0.9390000104904175
v 34.74700164794922 -41.82899856567383 0.4000000059604645
v 36.07899856567383 -41.875999450683594 0.20000000298023224
v 35.28799819946289 -23.766000747680664 0.5400000214576721
v 18.069000244140625 -23.584999084472656 13.73799991607666
v 17.60700035095215 -41.64400100708008 13.39799976348877
v 18.148000717163086 -23.58099937438965 13.538000106811523
v 17.451000213623047 -41.65399932861328 13.79800033569336
v 17.527999877929688 -41.64899826049805 13.597999572753906
v 17.992000579833984 -23.59000015258789 13.937999725341797
v 36.619998931884766 -23.812000274658203 0.3400000035762787
v 35.28799819946289 -23.766000747680664 0.5400000214576721
v 36.07899856567383 -41.875999450683594 0.20000000298023224
v 16.7810001373291 -41.7130012512207 15.998000144958496
v 16.82900047302246 -41.707000732421875 15.79800033569336
v 17.32200050354004 -23.649999618530273 16.136999130249023
v 20.586999893188477 -41.56800079345703 8.39900016784668
v 21.128000259399414 -23.5049991607666 8.538000106811523
v 20.965999603271484 -23.506000518798828 8.73799991607666
v 18.55500030517578 -41.604000091552734 11.39799976348877
v 18.66699981689453 -41.60100173950195 11.197999954223633
v 19.09600067138672 -23.540000915527344 11.538000106811523
v 19.09600067138672 -23.540000915527344 11.538000106811523
v 18.98900032043457 -23.54400062561035 11.73799991607666
v 18.55500030517578 -41.604000091552734 11.39799976348877
v 16.334999084472656 -41.06399917602539 -1.1431696735064723e-11
v 16.735000610351562 -41.71900177001953 16.197999954223633
v 16.691999435424805 -41.72600173950195 16.398000717163086
v 33.42499923706055 -23.70599937438965 0.9390000104904175
v 32.683998107910156 -23.683000564575195 1.1390000581741333
v 32.88399887084961 -41.76900100708008 0.800000011920929
v 16.429000854492188 -41.77799987792969 17.996999740600586
v 16.334999084472656 -41.06399917602539 -1.1431696735064723e-11
v 16.452999114990234 -41.770999908447266 17.797000885009766
v 16.386999130249023 -41.79199981689453 18.39699935913086
v 16.406999588012695 -41.78499984741211 18.19700050354004
v 16.92799949645996 -23.72800064086914 18.53700065612793
v 16.334999084472656 -41.06399917602539 -1.1431696735064723e-11
v 16.481000900268555 -41.763999938964844 17.597000122070312
v 16.452999114990234 -41.770999908447266 17.797000885009766
v 29.298999786376953 -41.67100143432617 2
v 29.788999557495117 -41.68299865722656 1.7999999523162842
v 29.84000015258789 -23.60700035095215 2.1389999389648438
v 16.334999084472656 -41.06399917602539 -1.1431696735064723e-11
v 16.341999053955078 -41.81399917602539 18.996999740600586
v 16.33099937438965 -41.82099914550781 19.19700050354004
v 16.334999084472656 -41.06399917602539 -1.1431696735064723e-11
v 16.3700008392334 -41.79899978637695 18.597000122070312
v 16.354999542236328 -41.805999755859375 18.797000885009766
v 16.334999084472656 -41.06399917602539 -1.1431696735064723e-11
v 16.386999130249023 -41.79199981689453 18.39699935913086
v 16.3700008392334 -41.79899978637695 18.597000122070312
v 16.334999084472656 -41.06399917602539 -1.1431696735064723e-11
v 16.406999588012695 -41.78499984741211 18.19700050354004
v 16.386999130249023 -41.79199981689453 18.39699935913086
v 16.429000854492188 -41.77799987792969 17.996999740600586
v 16.406999588012695 -41.78499984741211 18.19700050354004
v 16.334999084472656 -41.06399917602539 -1.1431696735064723e-11
v 17.77899932861328 -23.604999542236328 14.536999702453613
v 17.71299934387207 -23.610000610351562 14.737000465393066
v 17.238000869750977 -41.66899871826172 14.39799976348877
v 16.334999084472656 -41.06399917602539 -1.1431696735064723e-11
v 16.354999542236328 -41.805999755859375 18.797000885009766
v 16.341999053955078 -41.81399917602539 18.996999740600586
v 16.312000274658203 -41.85200119018555 19.996999740600586
v 16.334999084472656 -41.06399917602539 -1.1431696735064723e-11
v 16.312999725341797 -41.84400177001953 19.797000885009766
v 16.82900047302246 -41.707000732421875 15.79800033569336
v 16.334999084472656 -41.06399917602539 -1.1431696735064723e-11
v 16.8799991607666 -41.70199966430664 15.597999572753906
v 16.334999084472656 -41.06399917602539 -1.1431696735064723e-11
v 17.172000885009766 -41.67399978637695 14.597999572753906
v 17.108999252319336 -41.67900085449219 14.79800033569336
v 16.334999084472656 -41.06399917602539 -1.1431696735064723e-11
v 17.238000869750977 -41.66899871826172 14.39799976348877
v 17.172000885009766 -41.67399978637695 14.597999572753906
v 16.334999084472656 -41.06399917602539 -1.1431696735064723e-11
v 17.305999755859375 -41.66400146484375 14.197999954223633
v 17.238000869750977 -41.66899871826172 14.39799976348877
v 17.527999877929688 -41.64899826049805 13.597999572753906
v 17.60700035095215 -41.64400100708008 13.39799976348877
v 18.069000244140625 -23.584999084472656 13.73799991607666
v 18.069000244140625 -23.584999084472656 13.73799991607666
v 17.992000579833984 -23.59000015258789 13.937999725341797
v 17.527999877929688 -41.64899826049805 13.597999572753906
v 18.341999053955078 -41.611000061035156 11.79800033569336
v 16.334999084472656 -41.06399917602539 -1.1431696735064723e-11
v 18.447999954223633 -41.608001708984375 11.597999572753906
v 16.334999084472656 -41.06399917602539 -1.1431696735064723e-11
v 18.66699981689453 -41.60100173950195 11.197999954223633
v 18.55500030517578 -41.604000091552734 11.39799976348877
v 16.334999084472656 -41.06399917602539 -1.1431696735064723e-11
v 19.27199935913086 -41.58599853515625 10.197999954223633
v 19.145000457763672 -41.5890007019043 10.39799976348877
v 19.402999877929688 -41.58300018310547 9.998000144958496
v 19.27199935913086 -41.58599853515625 10.197999954223633
v 16.334999084472656 -41.06399917602539 -1.1431696735064723e-11
v 16.334999084472656 -41.06399917602539 -1.1431696735064723e-11
v 18.89900016784668 -41.59400177001953 10.79800033569336
v 18.7810001373291 -41.59700012207031 10.998000144958496
v 16.334999084472656 -41.06399917602539 -1.1431696735064723e-11
v 19.145000457763672 -41.5890007019043 10.39799976348877
v 19.020000457763672 -41.590999603271484 10.597999572753906
v 16.334999084472656 -41.06399917602539 -1.1431696735064723e-11
v 19.020000457763672 -41.590999603271484 10.597999572753906
v 18.89900016784668 -41.59400177001953 10.79800033569336
v 16.334999084472656 -41.06399917602539 -1.1431696735064723e-11
v 18.7810001373291 -41.59700012207031 10.998000144958496
v 18.66699981689453 -41.60100173950195 11.197999954223633
v 16.334999084472656 -41.06399917602539 -1.1431696735064723e-11
v 18.55500030517578 -41.604000091552734 11.39799976348877
v 18.447999954223633 -41.608001708984375 11.597999572753906
v 19.677000045776367 -41.57899856567383 9.598999977111816
v 16.334999084472656 -41.06399917602539 -1.1431696735064723e-11
v 19.81800079345703 -41.57699966430664 9.39900016784668
v 16.334999084472656 -41.06399917602539 -1.1431696735064723e-11
v 21.461999893188477 -41.564998626708984 7.39900016784668
v 21.277999877929688 -41.564998626708984 7.598999977111816
v 16.334999084472656 -41.06399917602539 -1.1431696735064723e-11
v 21.652000427246094 -41.56399917602539 7.198999881744385
v 21.461999893188477 -41.564998626708984 7.39900016784668
v 22.25 -41.564998626708984 6.598999977111816
v 22.045000076293945 -41.564998626708984 6.798999786376953
v 16.334999084472656 -41.06399917602539 -1.1431696735064723e-11
v 16.334999084472656 -41.06399917602539 -1.1431696735064723e-11
v 22.459999084472656 -41.566001892089844 6.39900016784668
v 22.25 -41.564998626708984 6.598999977111816
v 16.334999084472656 -41.06399917602539 -1.1431696735064723e-11
v 22.677000045776367 -41.56700134277344 6.198999881744385
v 22.459999084472656 -41.566001892089844 6.39900016784668
v 16.334999084472656 -41.06399917602539 -1.1431696735064723e-11
v 23.36400032043457 -41.57099914550781 5.598999977111816
v 23.128000259399414 -41.569000244140625 5.798999786376953
v 17.451000213623047 -41.65399932861328 13.79800033569336
v 17.992000579833984 -23.59000015258789 13.937999725341797
v 17.37700080871582 -41.659000396728516 13.998000144958496
v 16.334999084472656 -41.06399917602539 -1.1431696735064723e-11
v 23.604999542236328 -41.573001861572266 5.39900016784668
v 23.36400032043457 -41.57099914550781 5.598999977111816
v 23.854999542236328 -41.57500076293945 5.198999881744385
v 23.604999542236328 -41.573001861572266 5.39900016784668
v 16.334999084472656 -41.06399917602539 -1.1431696735064723e-11
v 25.524999618530273 -41.59600067138672 3.999000072479248
v 25.836999893188477 -41.60100173950195 3.7990000247955322
v 26.06599998474121 -23.531999588012695 4.138999938964844
v 16.334999084472656 -41.06399917602539 -1.1431696735064723e-11
v 24.111000061035156 -41.577999114990234 4.999000072479248
v 23.854999542236328 -41.57500076293945 5.198999881744385
v 16.334999084472656 -41.06399917602539 -1.1431696735064723e-11
v 25.224000930786133 -41.59199905395508 4.198999881744385
v 24.93199920654297 -41.5880012512207 4.39900016784668
v 16.334999084472656 -41.06399917602539 -1.1431696735064723e-11
v 24.93199920654297 -41.5880012512207 4.39900016784668
v 24.649999618530273 -41.58399963378906 4.598999977111816
v 16.334999084472656 -41.06399917602539 -1.1431696735064723e-11
v 25.836999893188477 -41.60100173950195 3.7990000247955322
v 25.524999618530273 -41.59600067138672 3.999000072479248
v 16.334999084472656 -41.06399917602539 -1.1431696735064723e-11
v 26.160999298095703 -41.60599899291992 3.5989999771118164
v 25.836999893188477 -41.60100173950195 3.7990000247955322
v 16.334999084472656 -41.06399917602539 -1.1431696735064723e-11
v 25.524999618530273 -41.59600067138672 3.999000072479248
v 25.224000930786133 -41.59199905395508 4.198999881744385
v 24.37700080871582 -41.58100128173828 4.798999786376953
v 16.334999084472656 -41.06399917602539 -1.1431696735064723e-11
v 24.649999618530273 -41.58399963378906 4.598999977111816
v 22.89900016784668 -41.56800079345703 5.999000072479248
v 16.334999084472656 -41.06399917602539 -1.1431696735064723e-11
v 23.128000259399414 -41.569000244140625 5.798999786376953
v 22.89900016784668 -41.56800079345703 5.999000072479248
v 22.677000045776367 -41.56700134277344 6.198999881744385
v 16.334999084472656 -41.06399917602539 -1.1431696735064723e-11
v 21.097999572753906 -41.566001892089844 7.798999786376953
v 16.334999084472656 -41.06399917602539 -1.1431696735064723e-11
v 21.277999877929688 -41.564998626708984 7.598999977111816
v 16.334999084472656 -41.06399917602539 -1.1431696735064723e-11
v 20.586999893188477 -41.56800079345703 8.39900016784668
v 20.424999237060547 -41.56999969482422 8.598999977111816
v 26.160999298095703 -41.60599899291992 3.5989999771118164
v 16.334999084472656 -41.06399917602539 -1.1431696735064723e-11
v 26.496999740600586 -41.61199951171875 3.3989999294281006
v 16.334999084472656 -41.06399917602539 -1.1431696735064723e-11
v 27.58799934387207 -41.632999420166016 2.799999952316284
v 27.208999633789062 -41.625 3
v 16.334999084472656 -41.06399917602539 -1.1431696735064723e-11
v 28.400999069213867 -41.650001525878906 2.4000000953674316
v 27.985000610351562 -41.64099884033203 2.5999999046325684
v 16.334999084472656 -41.06399917602539 -1.1431696735064723e-11
v 27.985000610351562 -41.64099884033203 2.5999999046325684
v 27.58799934387207 -41.632999420166016 2.799999952316284
v 16.322999954223633 -41.82899856567383 19.39699935913086
v 16.33099937438965 -41.82099914550781 19.19700050354004
v 16.86400032043457 -23.764999389648438 19.53700065612793
v 16.871999740600586 -23.756999969482422 19.336999893188477
v 16.86400032043457 -23.764999389648438 19.53700065612793
v 16.33099937438965 -41.82099914550781 19.19700050354004
v 16.316999435424805 -41.83700180053711 19.597000122070312
v 16.322999954223633 -41.82899856567383 19.39699935913086
v 16.857999801635742 -23.773000717163086 19.73699951171875
v 16.86400032043457 -23.764999389648438 19.53700065612793
v 16.857999801635742 -23.773000717163086 19.73699951171875
v 16.322999954223633 -41.82899856567383 19.39699935913086
v 26.06599998474121 -23.531999588012695 4.138999938964844
v 25.764999389648438 -23.527999877929688 4.339000225067139
v 25.524999618530273 -41.59600067138672 3.999000072479248
v 16.92799949645996 -23.72800064086914 18.53700065612793
v 16.910999298095703 -23.735000610351562 18.73699951171875
v 16.386999130249023 -41.79199981689453 18.39699935913086
v 25.472000122070312 -23.52400016784668 4.539000034332275
v 25.19099998474121 -23.520000457763672 4.738999843597412
v 24.93199920654297 -41.5880012512207 4.39900016784668
v 24.93199920654297 -41.5880012512207 4.39900016784668
v 25.19099998474121 -23.520000457763672 4.738999843597412
v 24.649999618530273 -41.58399963378906 4.598999977111816
v 25.19099998474121 -23.520000457763672 4.738999843597412
v 24.917999267578125 -23.517000198364258 4.939000129699707
v 24.649999618530273 -41.58399963378906 4.598999977111816
v 16.316999435424805 -41.83700180053711 19.597000122070312
v 16.857999801635742 -23.773000717163086 19.73699951171875
v 16.854000091552734 -23.780000686645508 19.937000274658203
v 16.312000274658203 -41.85200119018555 19.996999740600586
v 16.312999725341797 -41.84400177001953 19.797000885009766
v 16.85300064086914 -23.788000106811523 20.136999130249023
v 32.01900100708008 -23.663999557495117 1.3389999866485596
v 31.47800064086914 -41.72800064086914 1.2000000476837158
v 32.683998107910156 -23.683000564575195 1.1390000581741333
v 32.143001556396484 -41.74700164794922 1
v 32.683998107910156 -23.683000564575195 1.1390000581741333
v 31.47800064086914 -41.72800064086914 1.2000000476837158
v 31.41200065612793 -23.64699935913086 1.5390000343322754
v 30.871000289916992 -41.71099853515625 1.399999976158142
v 32.01900100708008 -23.663999557495117 1.3389999866485596
v 26.844999313354492 -41.61800003051758 3.200000047683716
v 26.496999740600586 -41.61199951171875 3.3989999294281006
v 16.334999084472656 -41.06399917602539 -1.1431696735064723e-11
v 26.844999313354492 -41.61800003051758 3.200000047683716
v 16.334999084472656 -41.06399917602539 -1.1431696735064723e-11
v 27.208999633789062 -41.625 3
v 28.83799934387207 -41.65999984741211 2.200000047683716
v 28.400999069213867 -41.650001525878906 2.4000000953674316
v 16.334999084472656 -41.06399917602539 -1.1431696735064723e-11
v 18.402000427246094 -23.566999435424805 12.937999725341797
v 17.861000061035156 -41.63100051879883 12.79800033569336
v 17.951000213623047 -41.62699890136719 12.597999572753906
v 29.84000015258789 -23.60700035095215 2.1389999389648438
v 29.378999710083008 -23.59600067138672 2.3389999866485596
v 29.298999786376953 -41.67100143432617 2
v 28.83799934387207 -41.65999984741211 2.200000047683716
v 16.334999084472656 -41.06399917602539 -1.1431696735064723e-11
v 29.298999786376953 -41.67100143432617 2
v 16.334999084472656 -41.06399917602539 -1.1431696735064723e-11
v 29.788999557495117 -41.68299865722656 1.7999999523162842
v 29.298999786376953 -41.67100143432617 2
v 18.402000427246094 -23.566999435424805 12.937999725341797
v 18.315000534057617 -23.57200050354004 13.137999534606934
v 17.861000061035156 -41.63100051879883 12.79800033569336
v 16.334999084472656 -41.06399917602539 -1.1431696735064723e-11
v 30.31100082397461 -41.69599914550781 1.600000023841858
v 29.788999557495117 -41.68299865722656 1.7999999523162842
v 16.429000854492188 -41.77799987792969 17.996999740600586
v 16.452999114990234 -41.770999908447266 17.797000885009766
v 16.969999313354492 -23.714000701904297 18.136999130249023
v 30.871000289916992 -41.71099853515625 1.399999976158142
v 16.334999084472656 -41.06399917602539 -1.1431696735064723e-11
v 31.47800064086914 -41.72800064086914 1.2000000476837158
v 26.844999313354492 -41.61800003051758 3.200000047683716
v 27.208999633789062 -41.625 3
v 27.38599967956543 -23.554000854492188 3.3389999866485596
v 26.844999313354492 -41.61800003051758 3.200000047683716
v 27.38599967956543 -23.554000854492188 3.3389999866485596
v 27.038000106811523 -23.54800033569336 3.5390000343322754
v 16.334999084472656 -41.06399917602539 -1.1431696735064723e-11
v 36.07899856567383 -41.875999450683594 0.20000000298023224
v 34.74700164794922 -41.82899856567383 0.4000000059604645
v 16.334999084472656 -41.06399917602539 -1.1431696735064723e-11
v 37 -41.905487060546875 -5.159899721546583e-17
v 36.07899856567383 -41.875999450683594 0.20000000298023224
v 16.334999084472656 -41.06399917602539 -1.1431696735064723e-11
v 34.74700164794922 -41.82899856567383 0.4000000059604645
v 33.733001708984375 -41.79600143432617 0.6000000238418579
v 16.334999084472656 -41.06399917602539 -1.1431696735064723e-11
v 32.143001556396484 -41.74700164794922 1
v 31.47800064086914 -41.72800064086914 1.2000000476837158
v 32.683998107910156 -23.683000564575195 1.1390000581741333
v 32.143001556396484 -41.74700164794922 1
v 32.88399887084961 -41.76900100708008 0.800000011920929
v 16.334999084472656 -41.06399917602539 -1.1431696735064723e-11
v 33.733001708984375 -41.79600143432617 0.6000000238418579
v 32.88399887084961 -41.76900100708008 0.800000011920929
v 31.47800064086914 -41.72800064086914 1.2000000476837158
v 32.01900100708008 -23.663999557495117 1.3389999866485596
v 30.871000289916992 -41.71099853515625 1.399999976158142
v 16.334999084472656 -41.06399917602539 -1.1431696735064723e-11
v 32.88399887084961 -41.76900100708008 0.800000011920929
v 32.143001556396484 -41.74700164794922 1
v 31.41200065612793 -23.64699935913086 1.5390000343322754
v 30.851999282836914 -23.631999969482422 1.7389999628067017
v 30.871000289916992 -41.71099853515625 1.399999976158142
v 16.334999084472656 -41.06399917602539 -1.1431696735064723e-11
v 30.871000289916992 -41.71099853515625 1.399999976158142
v 30.31100082397461 -41.69599914550781 1.600000023841858
v 16.334999084472656 -41.06399917602539 -1.1431696735064723e-11
v 19.964000701904297 -41.57500076293945 9.199000358581543
v 19.81800079345703 -41.57699966430664 9.39900016784668
v 27.985000610351562 -41.64099884033203 2.5999999046325684
v 28.400999069213867 -41.650001525878906 2.4000000953674316
v 28.525999069213867 -23.57699966430664 2.739000082015991
v 16.334999084472656 -41.06399917602539 -1.1431696735064723e-11
v 20.753000259399414 -41.56700134277344 8.199000358581543
v 20.586999893188477 -41.56800079345703 8.39900016784668
v 27.208999633789062 -41.625 3
v 27.58799934387207 -41.632999420166016 2.799999952316284
v 27.75 -23.56100082397461 3.1389999389648438
v 20.92300033569336 -41.566001892089844 7.999000072479248
v 20.753000259399414 -41.56700134277344 8.199000358581543
v 16.334999084472656 -41.06399917602539 -1.1431696735064723e-11
v 27.75 -23.56100082397461 3.1389999389648438
v 27.38599967956543 -23.554000854492188 3.3389999866485596
v 27.208999633789062 -41.625 3
v 25.764999389648438 -23.527999877929688 4.339000225067139
v 25.224000930786133 -41.59199905395508 4.198999881744385
v 25.524999618530273 -41.59600067138672 3.999000072479248
v 20.92300033569336 -41.566001892089844 7.999000072479248
v 16.334999084472656 -41.06399917602539 -1.1431696735064723e-11
v 21.097999572753906 -41.566001892089844 7.798999786376953
v 21.844999313354492 -41.56399917602539 6.999000072479248
v 21.652000427246094 -41.56399917602539 7.198999881744385
v 16.334999084472656 -41.06399917602539 -1.1431696735064723e-11
v 22.045000076293945 -41.564998626708984 6.798999786376953
v 21.844999313354492 -41.56399917602539 6.999000072479248
v 16.334999084472656 -41.06399917602539 -1.1431696735064723e-11
v 16.334999084472656 -41.06399917602539 -1.1431696735064723e-11
v 20.11400032043457 -41.573001861572266 8.99899959564209
v 19.964000701904297 -41.57500076293945 9.199000358581543
v 20.424999237060547 -41.56999969482422 8.598999977111816
v 20.267000198364258 -41.57099914550781 8.798999786376953
v 16.334999084472656 -41.06399917602539 -1.1431696735064723e-11
v 16.33099937438965 -41.82099914550781 19.19700050354004
v 16.341999053955078 -41.81399917602539 18.996999740600586
v 16.871999740600586 -23.756999969482422 19.336999893188477
v 17.232999801635742 -23.66200065612793 16.53700065612793
v 17.19099998474121 -23.667999267578125 16.73699951171875
v 16.649999618530273 -41.731998443603516 16.597000122070312
v 16.334999084472656 -41.06399917602539 -1.1431696735064723e-11
v 20.267000198364258 -41.57099914550781 8.798999786376953
v 20.11400032043457 -41.573001861572266 8.99899959564209
v 16.334999084472656 -41.06399917602539 -1.1431696735064723e-11
v 19.538000106811523 -41.58100128173828 9.798999786376953
v 19.402999877929688 -41.58300018310547 9.998000144958496
v 19.677000045776367 -41.57899856567383 9.598999977111816
v 19.538000106811523 -41.58100128173828 9.798999786376953
v 16.334999084472656 -41.06399917602539 -1.1431696735064723e-11
v 19.56100082397461 -23.527999877929688 10.73799991607666
v 19.145000457763672 -41.5890007019043 10.39799976348877
v 19.684999465942383 -23.524999618530273 10.538000106811523
v 19.56100082397461 -23.527999877929688 10.73799991607666
v 19.020000457763672 -41.590999603271484 10.597999572753906
v 19.145000457763672 -41.5890007019043 10.39799976348877
v 64.94999694824219 -42 18.799999237060547
v 64.93099975585938 -42 18.600000381469727
v 65 -42 0
v 64.96499633789062 -42 19
v 64.94999694824219 -42 18.799999237060547
v 65 -42 0
v 64.99400329589844 -42 19.600000381469727
v 64.98699951171875 -42 19.399999618530273
v 65 -42 0
v 64.98699951171875 -42 19.399999618530273
v 64.97799682617188 -42 19.200000762939453
v 65 -42 0
v 64.97799682617188 -42 19.200000762939453
v 64.96499633789062 -42 19
v 65 -42 0
v 64.9990005493164 -42 19.799999237060547
v 64.99400329589844 -42 19.600000381469727
v 65 -42 0
v 65 -42 20
v 64.9990005493164 -42 19.799999237060547
v 65 -42 0
v 64.63899993896484 -42 16.799999237060547
v 64.59300231933594 -42 16.600000381469727
v 65 -42 0
v 64.7969970703125 -42 17.600000381469727
v 65 -42 0
v 64.83100128173828 -42 17.799999237060547
v 64.7239990234375 -42 17.200000762939453
v 64.68399810791016 -42 17
v 65 -42 0
v 64.68399810791016 -42 17
v 64.63899993896484 -42 16.799999237060547
v 65 -42 0
v 64.7969970703125 -42 17.600000381469727
v 64.76200103759766 -42 17.399999618530273
v 65 -42 0
v 64.76200103759766 -42 17.399999618530273
v 64.7239990234375 -42 17.200000762939453
v 65 -42 0
v 64.86000061035156 -42 18
v 64.83100128173828 -42 17.799999237060547
v 65 -42 0
v 64.93099975585938 -42 18.600000381469727
v 64.91000366210938 -42 18.399999618530273
v 65 -42 0
v 64.91000366210938 -42 18.399999618530273
v 64.88700103759766 -42 18.200000762939453
v 65 -42 0
v 64.88700103759766 -42 18.200000762939453
v 64.86000061035156 -42 18
v 65 -42 0
v 64.43399810791016 -42 16
v 65 -42 0
v 64.48999786376953 -42 16.200000762939453
v 64.3759994506836 -42 15.800000190734863
v 65 -42 0
v 64.43399810791016 -42 16
v 64.31400299072266 -42 15.600000381469727
v 65 -42 0
v 64.3759994506836 -42 15.800000190734863
v 64.25 -42 15.399999618530273
v 65 -42 0
v 64.31400299072266 -42 15.600000381469727
v 64.54199981689453 -42 16.399999618530273
v 64.48999786376953 -42 16.200000762939453
v 65 -42 0
v 65 -42 0
v 64.59300231933594 -42 16.600000381469727
v 64.54199981689453 -42 16.399999618530273
v 18.68199920654297 -23.55500030517578 12.338000297546387
v 18.586000442504883 -23.55900001525879 12.538000106811523
v 18.141000747680664 -41.61899948120117 12.197999954223633
v 16.481000900268555 -41.763999938964844 17.597000122070312
v 16.510000228881836 -41.757999420166016 17.39699935913086
v 17.02199935913086 -23.700000762939453 17.73699951171875
v 16.334999084472656 -41.06399917602539 -1.1431696735064723e-11
v 18.341999053955078 -41.611000061035156 11.79800033569336
v 18.240999221801758 -41.6150016784668 11.998000144958496
v 63.959999084472656 -42 14.600000381469727
v 63.880001068115234 -42 14.399999618530273
v 65 -42 0
v 65 -42 0
v 63.880001068115234 -42 14.399999618530273
v 63.797000885009766 -42 14.199999809265137
v 64.18099975585938 -42 15.199999809265137
v 65 -42 0
v 64.25 -42 15.399999618530273
v 64.11100006103516 -42 15
v 65 -42 0
v 64.18099975585938 -42 15.199999809265137
v 64.03700256347656 -42 14.800000190734863
v 65 -42 0
v 64.11100006103516 -42 15
v 63.959999084472656 -42 14.600000381469727
v 65 -42 0
v 64.03700256347656 -42 14.800000190734863
v 16.341999053955078 -41.81399917602539 18.996999740600586
v 16.354999542236328 -41.805999755859375 18.797000885009766
v 16.895000457763672 -23.743000030517578 18.937000274658203
v 63.62099838256836 -42 13.800000190734863
v 65 -42 0
v 63.71099853515625 -42 14
v 62.900001525878906 -42 12.399999618530273
v 65 -42 0
v 63.01300048828125 -42 12.600000381469727
v 63.12300109863281 -42 12.800000190734863
v 65 -42 0
v 63.229000091552734 -42 13
v 63.01300048828125 -42 12.600000381469727
v 65 -42 0
v 63.12300109863281 -42 12.800000190734863
v 63.33300018310547 -42 13.199999809265137
v 65 -42 0
v 63.43199920654297 -42 13.399999618530273
v 63.229000091552734 -42 13
v 65 -42 0
v 63.33300018310547 -42 13.199999809265137
v 63.62099838256836 -42 13.800000190734863
v 63.527000427246094 -42 13.600000381469727
v 65 -42 0
v 63.527000427246094 -42 13.600000381469727
v 63.43199920654297 -42 13.399999618530273
v 65 -42 0
v 63.797000885009766 -42 14.199999809265137
v 63.71099853515625 -42 14
v 65 -42 0
v 61.861000061035156 -42 10.800000190734863
v 61.7140007019043 -42 10.600000381469727
v 65 -42 0
v 65 -42 0
v 61.7140007019043 -42 10.600000381469727
v 61.5629997253418 -42 10.399999618530273
v 62.14400100708008 -42 11.199999809265137
v 62.005001068115234 -42 11
v 65 -42 0
v 62.005001068115234 -42 11
v 61.861000061035156 -42 10.800000190734863
v 65 -42 0
v 62.78200149536133 -42 12.199999809265137
v 65 -42 0
v 62.900001525878906 -42 12.399999618530273
v 62.6619987487793 -42 12
v 65 -42 0
v 62.78200149536133 -42 12.199999809265137
v 62.53900146484375 -42 11.800000190734863
v 65 -42 0
v 62.6619987487793 -42 12
v 62.40999984741211 -42 11.600000381469727
v 65 -42 0
v 62.53900146484375 -42 11.800000190734863
v 62.279998779296875 -42 11.399999618530273
v 65 -42 0
v 62.40999984741211 -42 11.600000381469727
v 62.279998779296875 -42 11.399999618530273
v 62.14400100708008 -42 11.199999809265137
v 65 -42 0
v 16.649999618530273 -41.731998443603516 16.597000122070312
v 17.19099998474121 -23.667999267578125 16.73699951171875
v 17.152999877929688 -23.673999786376953 16.937000274658203
v 61.08399963378906 -42 9.800000190734863
v 65 -42 0
v 61.249000549316406 -42 10
v 60.74399948120117 -42 9.399999618530273
v 65 -42 0
v 60.91600036621094 -42 9.600000381469727
v 61.40800094604492 -42 10.199999809265137
v 61.249000549316406 -42 10
v 65 -42 0
v 60.91600036621094 -42 9.600000381469727
v 65 -42 0
v 61.08399963378906 -42 9.800000190734863
v 61.40800094604492 -42 10.199999809265137
v 65 -42 0
v 61.5629997253418 -42 10.399999618530273
v 60.00600051879883 -42 8.600000381469727
v 65 -42 0
v 60.198001861572266 -42 8.800000190734863
v 60.566001892089844 -42 9.199999809265137
v 65 -42 0
v 60.74399948120117 -42 9.399999618530273
v 60.38399887084961 -42 9
v 65 -42 0
v 60.566001892089844 -42 9.199999809265137
v 60.38399887084961 -42 9
v 60.198001861572266 -42 8.800000190734863
v 65 -42 0
v 17.02199935913086 -23.700000762939453 17.73699951171875
v 16.993999481201172 -23.707000732421875 17.937000274658203
v 16.481000900268555 -41.763999938964844 17.597000122070312
v 65 -42 0
v 60.00600051879883 -42 8.600000381469727
v 59.808998107910156 -42 8.399999618530273
v 65 -42 0
v 59.808998107910156 -42 8.399999618530273
v 59.606998443603516 -42 8.199999809265137
v 59.1870002746582 -42 7.800000190734863
v 65 -42 0
v 59.400001525878906 -42 8
v 16.334999084472656 -41.06399917602539 -1.1431696735064723e-11
v 17.37700080871582 -41.659000396728516 13.998000144958496
v 17.305999755859375 -41.66400146484375 14.197999954223633
v 16.334999084472656 -41.06399917602539 -1.1431696735064723e-11
v 17.451000213623047 -41.65399932861328 13.79800033569336
v 17.37700080871582 -41.659000396728516 13.998000144958496
v 17.115999221801758 -23.680999755859375 17.136999130249023
v 16.61199951171875 -41.737998962402344 16.797000885009766
v 17.152999877929688 -23.673999786376953 16.937000274658203
v 58.03499984741211 -42 6.800000190734863
v 57.7859992980957 -42 6.599999904632568
v 65 -42 0
v 57.7859992980957 -42 6.599999904632568
v 57.529998779296875 -42 6.400000095367432
v 65 -42 0
v 58.27899932861328 -42 7
v 58.03499984741211 -42 6.800000190734863
v 65 -42 0
v 59.400001525878906 -42 8
v 65 -42 0
v 59.606998443603516 -42 8.199999809265137
v 58.96900177001953 -42 7.599999904632568
v 65 -42 0
v 59.1870002746582 -42 7.800000190734863
v 65 -42 0
v 58.96900177001953 -42 7.599999904632568
v 58.744998931884766 -42 7.400000095367432
v 58.744998931884766 -42 7.400000095367432
v 58.513999938964844 -42 7.199999809265137
v 65 -42 0
v 58.513999938964844 -42 7.199999809265137
v 58.27899932861328 -42 7
v 65 -42 0
v 16.429000854492188 -41.77799987792969 17.996999740600586
v 16.969999313354492 -23.714000701904297 18.136999130249023
v 16.947999954223633 -23.72100067138672 18.336999893188477
v 16.895000457763672 -23.743000030517578 18.937000274658203
v 16.882999420166016 -23.75 19.136999130249023
v 16.341999053955078 -41.81399917602539 18.996999740600586
v 19.94300079345703 -23.520000457763672 10.137999534606934
v 19.402999877929688 -41.58300018310547 9.998000144958496
v 19.538000106811523 -41.58100128173828 9.798999786376953
v 19.27199935913086 -41.58599853515625 10.197999954223633
v 19.402999877929688 -41.58300018310547 9.998000144958496
v 19.94300079345703 -23.520000457763672 10.137999534606934
v 54.8650016784668 -42 4.599999904632568
v 54.52199935913086 -42 4.400000095367432
v 65 -42 0
v 55.520999908447266 -42 5
v 65 -42 0
v 55.83300018310547 -42 5.199999809265137
v 56.137001037597656 -42 5.400000095367432
v 55.83300018310547 -42 5.199999809265137
v 65 -42 0
v 56.430999755859375 -42 5.599999904632568
v 56.137001037597656 -42 5.400000095367432
v 65 -42 0
v 16.452999114990234 -41.770999908447266 17.797000885009766
v 16.481000900268555 -41.763999938964844 17.597000122070312
v 16.993999481201172 -23.707000732421875 17.937000274658203
v 16.993999481201172 -23.707000732421875 17.937000274658203
v 16.969999313354492 -23.714000701904297 18.136999130249023
v 16.452999114990234 -41.770999908447266 17.797000885009766
v 16.406999588012695 -41.78499984741211 18.19700050354004
v 16.429000854492188 -41.77799987792969 17.996999740600586
v 16.947999954223633 -23.72100067138672 18.336999893188477
v 16.947999954223633 -23.72100067138672 18.336999893188477
v 16.92799949645996 -23.72800064086914 18.53700065612793
v 16.406999588012695 -41.78499984741211 18.19700050354004
v 20.965999603271484 -23.506000518798828 8.73799991607666
v 20.808000564575195 -23.506999969482422 8.937999725341797
v 20.424999237060547 -41.56999969482422 8.598999977111816
v 20.5049991607666 -23.51099967956543 9.338000297546387
v 19.964000701904297 -41.57500076293945 9.199000358581543
v 20.11400032043457 -41.573001861572266 8.99899959564209
v 20.424999237060547 -41.56999969482422 8.598999977111816
v 20.586999893188477 -41.56800079345703 8.39900016784668
v 20.965999603271484 -23.506000518798828 8.73799991607666
v 20.5049991607666 -23.51099967956543 9.338000297546387
v 20.358999252319336 -23.51300048828125 9.538000106811523
v 19.964000701904297 -41.57500076293945 9.199000358581543
v 20.267000198364258 -41.57099914550781 8.798999786376953
v 20.424999237060547 -41.56999969482422 8.598999977111816
v 20.808000564575195 -23.506999969482422 8.937999725341797
v 56.71799850463867 -42 5.800000190734863
v 65 -42 0
v 56.99599838256836 -42 6
v 56.71799850463867 -42 5.800000190734863
v 56.430999755859375 -42 5.599999904632568
v 65 -42 0
v 56.99599838256836 -42 6
v 65 -42 0
v 57.26599884033203 -42 6.199999809265137
v 57.26599884033203 -42 6.199999809265137
v 65 -42 0
v 57.529998779296875 -42 6.400000095367432
v 49.20500183105469 -42 2
v 65 -42 0
v 49.766998291015625 -42 2.200000047683716
v 50.29899978637695 -42 2.4000000953674316
v 49.766998291015625 -42 2.200000047683716
v 65 -42 0
v 51.28799819946289 -42 2.799999952316284
v 50.80500030517578 -42 2.5999999046325684
v 65 -42 0
v 50.80500030517578 -42 2.5999999046325684
v 50.29899978637695 -42 2.4000000953674316
v 65 -42 0
v 52.19300079345703 -42 3.200000047683716
v 51.75 -42 3
v 65 -42 0
v 51.75 -42 3
v 51.28799819946289 -42 2.799999952316284
v 65 -42 0
v 53.0260009765625 -42 3.5999999046325684
v 52.617000579833984 -42 3.4000000953674316
v 65 -42 0
v 55.520999908447266 -42 5
v 55.196998596191406 -42 4.800000190734863
v 65 -42 0
v 55.196998596191406 -42 4.800000190734863
v 54.8650016784668 -42 4.599999904632568
v 65 -42 0
v 54.52199935913086 -42 4.400000095367432
v 54.16699981689453 -42 4.199999809265137
v 65 -42 0
v 65 -42 0
v 54.16699981689453 -42 4.199999809265137
v 53.79999923706055 -42 4
v 53.79999923706055 -42 4
v 53.42100143432617 -42 3.799999952316284
v 65 -42 0
v 53.42100143432617 -42 3.799999952316284
v 53.0260009765625 -42 3.5999999046325684
v 65 -42 0
v 52.617000579833984 -42 3.4000000953674316
v 52.19300079345703 -42 3.200000047683716
v 65 -42 0
v 17.082000732421875 -23.687000274658203 17.336999893188477
v 17.051000595092773 -23.694000244140625 17.53700065612793
v 16.541000366210938 -41.750999450683594 17.19700050354004
v 17.051000595092773 -23.694000244140625 17.53700065612793
v 17.02199935913086 -23.700000762939453 17.73699951171875
v 16.510000228881836 -41.757999420166016 17.39699935913086
v 43.80699920654297 -42 0.6000000238418579
v 65 -42 0
v 44.84000015258789 -42 0.800000011920929
v 45.74300003051758 -42 1
v 44.84000015258789 -42 0.800000011920929
v 65 -42 0
v 46.551998138427734 -42 1.2000000476837158
v 65 -42 0
v 47.29100036621094 -42 1.399999976158142
v 47.972999572753906 -42 1.600000023841858
v 65 -42 0
v 48.60900115966797 -42 1.7999999523162842
v 48.60900115966797 -42 1.7999999523162842
v 65 -42 0
v 49.20500183105469 -42 2
v 47.972999572753906 -42 1.600000023841858
v 47.29100036621094 -42 1.399999976158142
v 65 -42 0
v 46.551998138427734 -42 1.2000000476837158
v 45.74300003051758 -42 1
v 65 -42 0
v 65 -42 0
v 43.80699920654297 -42 0.6000000238418579
v 42.571998596191406 -42 0.4000000059604645
v 65 -42 0
v 42.571998596191406 -42 0.4000000059604645
v 40.94900131225586 -42 0.20000000298023224
v 65 -42 0
v 40.94900131225586 -42 0.20000000298023224
v 37 -42 0
v 16.61199951171875 -41.737998962402344 16.797000885009766
v 16.649999618530273 -41.731998443603516 16.597000122070312
v 17.152999877929688 -23.673999786376953 16.937000274658203
v 65 -42 0
v 37 -41.905487060546875 -5.159899721546583e-17
v 65 -24 0
v 16.510000228881836 -41.757999420166016 17.39699935913086
v 16.541000366210938 -41.750999450683594 17.19700050354004
v 17.051000595092773 -23.694000244140625 17.53700065612793
v 37 -24 0
v 65 -24 0
v 37 -41.905487060546875 -5.159899721546583e-17
v 37 -42 0
v 37 -41.905487060546875 -5.159899721546583e-17
v 65 -42 0
v 16.691999435424805 -41.72600173950195 16.398000717163086
v 16.735000610351562 -41.71900177001953 16.197999954223633
v 17.232999801635742 -23.66200065612793 16.53700065612793
v 16.691999435424805 -41.72600173950195 16.398000717163086
v 17.232999801635742 -23.66200065612793 16.53700065612793
v 16.649999618530273 -41.731998443603516 16.597000122070312
v 16.575000762939453 -41.74399948120117 16.996999740600586
v 16.61199951171875 -41.737998962402344 16.797000885009766
v 17.115999221801758 -23.680999755859375 17.136999130249023
v 17.115999221801758 -23.680999755859375 17.136999130249023
v 17.082000732421875 -23.687000274658203 17.336999893188477
v 16.575000762939453 -41.74399948120117 16.996999740600586
v 16.541000366210938 -41.750999450683594 17.19700050354004
v 16.575000762939453 -41.74399948120117 16.996999740600586
v 17.082000732421875 -23.687000274658203 17.336999893188477
v 16.895000457763672 -23.743000030517578 18.937000274658203
v 16.354999542236328 -41.805999755859375 18.797000885009766
v 16.3700008392334 -41.79899978637695 18.597000122070312
v 16.3700008392334 -41.79899978637695 18.597000122070312
v 16.386999130249023 -41.79199981689453 18.39699935913086
v 16.910999298095703 -23.735000610351562 18.73699951171875
v 16.895000457763672 -23.743000030517578 18.937000274658203
v 16.3700008392334 -41.79899978637695 18.597000122070312
v 16.910999298095703 -23.735000610351562 18.73699951171875
v 16.882999420166016 -23.75 19.136999130249023
v 16.871999740600586 -23.756999969482422 19.336999893188477
v 16.341999053955078 -41.81399917602539 18.996999740600586
v 65 -24 20
v 65 -42 20
v 65 -24 0
v 16.312999725341797 -41.84400177001953 19.797000885009766
v 16.316999435424805 -41.83700180053711 19.597000122070312
v 16.854000091552734 -23.780000686645508 19.937000274658203
v 65 -42 0
v 65 -24 0
v 65 -42 20
v 16.854000091552734 -23.780000686645508 19.937000274658203
v 16.85300064086914 -23.788000106811523 20.136999130249023
v 16.312999725341797 -41.84400177001953 19.797000885009766
v 36.619998931884766 -23.812000274658203 0.3400000035762787
v 39.81232833862305 -24 0.14243245124816895
v 39.86199951171875 -23.93600082397461 0.14000000059604645
v 39.81232833862305 -24 0.14243245124816895
v 36.619998931884766 -23.812000274658203 0.3400000035762787
v 38.27459716796875 -41.95997619628906 0.0645529106259346
v 39.860084533691406 -24 0.13950398564338684
v 39.86199951171875 -23.93600082397461 0.14000000059604645
v 39.81232833862305 -24 0.14243245124816895
v 39.86199951171875 -23.93600082397461 0.14000000059604645
v 39.860084533691406 -24 0.13950398564338684
v 39.75384521484375 -24 0.13947050273418427
v 64.94999694824219 -24 18.799999237060547
v 65 -24 0
v 64.93099975585938 -24 18.600000381469727
v 64.97799682617188 -24 19.200000762939453
v 65 -24 0
v 64.96499633789062 -24 19
v 64.98699951171875 -24 19.399999618530273
v 65 -24 0
v 64.97799682617188 -24 19.200000762939453
v 64.99400329589844 -24 19.600000381469727
v 65 -24 0
v 64.98699951171875 -24 19.399999618530273
v 64.9990005493164 -24 19.799999237060547
v 65 -24 0
v 64.99400329589844 -24 19.600000381469727
v 16.8799991607666 -41.70199966430664 15.597999572753906
v 16.933000564575195 -41.69599914550781 15.39799976348877
v 17.42099952697754 -23.63800048828125 15.737000465393066
v 64.94999694824219 -24 18.799999237060547
v 64.96499633789062 -24 19
v 65 -24 0
v 65 -24 0
v 64.9990005493164 -24 19.799999237060547
v 65 -24 20
v 64.68399810791016 -24 17
v 65 -24 0
v 64.63899993896484 -24 16.799999237060547
v 64.63899993896484 -24 16.799999237060547
v 65 -24 0
v 64.59300231933594 -24 16.600000381469727
v 64.7239990234375 -24 17.200000762939453
v 65 -24 0
v 64.68399810791016 -24 17
v 64.7969970703125 -24 17.600000381469727
v 65 -24 0
v 64.76200103759766 -24 17.399999618530273
v 64.83100128173828 -24 17.799999237060547
v 65 -24 0
v 64.7969970703125 -24 17.600000381469727
v 64.76200103759766 -24 17.399999618530273
v 65 -24 0
v 64.7239990234375 -24 17.200000762939453
v 64.86000061035156 -24 18
v 65 -24 0
v 64.83100128173828 -24 17.799999237060547
v 64.88700103759766 -24 18.200000762939453
v 65 -24 0
v 64.86000061035156 -24 18
v 64.91000366210938 -24 18.399999618530273
v 65 -24 0
v 64.88700103759766 -24 18.200000762939453
v 64.93099975585938 -24 18.600000381469727
v 65 -24 0
v 64.91000366210938 -24 18.399999618530273
v 64.11100006103516 -24 15
v 65 -24 0
v 64.03700256347656 -24 14.800000190734863
v 64.43399810791016 -24 16
v 65 -24 0
v 64.3759994506836 -24 15.800000190734863
v 64.48999786376953 -24 16.200000762939453
v 65 -24 0
v 64.43399810791016 -24 16
v 64.54199981689453 -24 16.399999618530273
v 65 -24 0
v 64.48999786376953 -24 16.200000762939453
v 64.59300231933594 -24 16.600000381469727
v 65 -24 0
v 64.54199981689453 -24 16.399999618530273
v 63.959999084472656 -24 14.600000381469727
v 65 -24 0
v 63.880001068115234 -24 14.399999618530273
v 64.03700256347656 -24 14.800000190734863
v 65 -24 0
v 63.959999084472656 -24 14.600000381469727
v 65 -24 0
v 64.11100006103516 -24 15
v 64.18099975585938 -24 15.199999809265137
v 65 -24 0
v 64.18099975585938 -24 15.199999809265137
v 64.25 -24 15.399999618530273
v 64.31400299072266 -24 15.600000381469727
v 65 -24 0
v 64.25 -24 15.399999618530273
v 64.3759994506836 -24 15.800000190734863
v 65 -24 0
v 64.31400299072266 -24 15.600000381469727
v 17.274999618530273 -23.6560001373291 16.336999893188477
v 16.875999450683594 -23 0.14000000059604645
v 17.232999801635742 -23.66200065612793 16.53700065612793
v 63.12300109863281 -24 12.800000190734863
v 63.229000091552734 -24 13
v 65 -24 0
v 63.01300048828125 -24 12.600000381469727
v 65 -24 0
v 62.900001525878906 -24 12.399999618530273
v 63.33300018310547 -24 13.199999809265137
v 63.43199920654297 -24 13.399999618530273
v 65 -24 0
v 63.527000427246094 -24 13.600000381469727
v 65 -24 0
v 63.43199920654297 -24 13.399999618530273
v 29.788999557495117 -41.68299865722656 1.7999999523162842
v 30.31100082397461 -41.69599914550781 1.600000023841858
v 30.329999923706055 -23.618999481201172 1.9390000104904175
v 65 -24 0
v 63.527000427246094 -24 13.600000381469727
v 63.62099838256836 -24 13.800000190734863
v 65 -24 0
v 63.62099838256836 -24 13.800000190734863
v 63.71099853515625 -24 14
v 63.71099853515625 -24 14
v 63.797000885009766 -24 14.199999809265137
v 65 -24 0
v 65 -24 0
v 63.797000885009766 -24 14.199999809265137
v 63.880001068115234 -24 14.399999618530273
v 30.329999923706055 -23.618999481201172 1.9390000104904175
v 29.84000015258789 -23.60700035095215 2.1389999389648438
v 29.788999557495117 -41.68299865722656 1.7999999523162842
v 29.378999710083008 -23.59600067138672 2.3389999866485596
v 28.83799934387207 -41.65999984741211 2.200000047683716
v 29.298999786376953 -41.67100143432617 2
v 62.005001068115234 -24 11
v 65 -24 0
v 61.861000061035156 -24 10.800000190734863
v 62.40999984741211 -24 11.600000381469727
v 65 -24 0
v 62.279998779296875 -24 11.399999618530273
v 61.861000061035156 -24 10.800000190734863
v 65 -24 0
v 61.7140007019043 -24 10.600000381469727
v 16.735000610351562 -41.71900177001953 16.197999954223633
v 17.274999618530273 -23.6560001373291 16.336999893188477
v 17.232999801635742 -23.66200065612793 16.53700065612793
v 62.14400100708008 -24 11.199999809265137
v 65 -24 0
v 62.005001068115234 -24 11
v 62.279998779296875 -24 11.399999618530273
v 65 -24 0
v 62.14400100708008 -24 11.199999809265137
v 61.7140007019043 -24 10.600000381469727
v 65 -24 0
v 61.5629997253418 -24 10.399999618530273
v 61.40800094604492 -24 10.199999809265137
v 61.5629997253418 -24 10.399999618530273
v 65 -24 0
v 65 -24 0
v 62.40999984741211 -24 11.600000381469727
v 62.53900146484375 -24 11.800000190734863
v 65 -24 0
v 62.53900146484375 -24 11.800000190734863
v 62.6619987487793 -24 12
v 65 -24 0
v 62.6619987487793 -24 12
v 62.78200149536133 -24 12.199999809265137
v 65 -24 0
v 62.78200149536133 -24 12.199999809265137
v 62.900001525878906 -24 12.399999618530273
v 63.229000091552734 -24 13
v 63.33300018310547 -24 13.199999809265137
v 65 -24 0
v 63.01300048828125 -24 12.600000381469727
v 63.12300109863281 -24 12.800000190734863
v 65 -24 0
v 61.40800094604492 -24 10.199999809265137
v 65 -24 0
v 61.249000549316406 -24 10
v 60.91600036621094 -24 9.600000381469727
v 61.08399963378906 -24 9.800000190734863
v 65 -24 0
v 61.08399963378906 -24 9.800000190734863
v 61.249000549316406 -24 10
v 65 -24 0
v 60.74399948120117 -24 9.399999618530273
v 60.91600036621094 -24 9.600000381469727
v 65 -24 0
v 60.566001892089844 -24 9.199999809265137
v 60.74399948120117 -24 9.399999618530273
v 65 -24 0
v 60.00600051879883 -24 8.600000381469727
v 60.198001861572266 -24 8.800000190734863
v 65 -24 0
v 60.198001861572266 -24 8.800000190734863
v 60.38399887084961 -24 9
v 65 -24 0
v 60.38399887084961 -24 9
v 60.566001892089844 -24 9.199999809265137
v 65 -24 0
v 59.808998107910156 -24 8.399999618530273
v 60.00600051879883 -24 8.600000381469727
v 65 -24 0
v 65 -24 0
v 59.400001525878906 -24 8
v 59.606998443603516 -24 8.199999809265137
v 57.7859992980957 -24 6.599999904632568
v 65 -24 0
v 57.529998779296875 -24 6.400000095367432
v 30.851999282836914 -23.631999969482422 1.7389999628067017
v 30.31100082397461 -41.69599914550781 1.600000023841858
v 30.871000289916992 -41.71099853515625 1.399999976158142
v 58.03499984741211 -24 6.800000190734863
v 65 -24 0
v 57.7859992980957 -24 6.599999904632568
v 58.27899932861328 -24 7
v 65 -24 0
v 58.03499984741211 -24 6.800000190734863
v 30.851999282836914 -23.631999969482422 1.7389999628067017
v 30.329999923706055 -23.618999481201172 1.9390000104904175
v 30.31100082397461 -41.69599914550781 1.600000023841858
v 58.513999938964844 -24 7.199999809265137
v 65 -24 0
v 58.27899932861328 -24 7
v 58.744998931884766 -24 7.400000095367432
v 65 -24 0
v 58.513999938964844 -24 7.199999809265137
v 54.16699981689453 -24 4.199999809265137
v 54.52199935913086 -24 4.400000095367432
v 65 -24 0
v 57.26599884033203 -24 6.199999809265137
v 57.529998779296875 -24 6.400000095367432
v 65 -24 0
v 65 -24 0
v 58.744998931884766 -24 7.400000095367432
v 58.96900177001953 -24 7.599999904632568
v 65 -24 0
v 58.96900177001953 -24 7.599999904632568
v 59.1870002746582 -24 7.800000190734863
v 65 -24 0
v 59.1870002746582 -24 7.800000190734863
v 59.400001525878906 -24 8
v 59.606998443603516 -24 8.199999809265137
v 59.808998107910156 -24 8.399999618530273
v 65 -24 0
v 17.3700008392334 -23.643999099731445 15.937000274658203
v 16.82900047302246 -41.707000732421875 15.79800033569336
v 16.8799991607666 -41.70199966430664 15.597999572753906
v 29.378999710083008 -23.59600067138672 2.3389999866485596
v 28.941999435424805 -23.586000442504883 2.5390000343322754
v 28.83799934387207 -41.65999984741211 2.200000047683716
v 54.8650016784668 -24 4.599999904632568
v 65 -24 0
v 54.52199935913086 -24 4.400000095367432
v 55.196998596191406 -24 4.800000190734863
v 65 -24 0
v 54.8650016784668 -24 4.599999904632568
v 55.520999908447266 -24 5
v 65 -24 0
v 55.196998596191406 -24 4.800000190734863
v 55.83300018310547 -24 5.199999809265137
v 65 -24 0
v 55.520999908447266 -24 5
v 56.137001037597656 -24 5.400000095367432
v 65 -24 0
v 55.83300018310547 -24 5.199999809265137
v 56.430999755859375 -24 5.599999904632568
v 65 -24 0
v 56.137001037597656 -24 5.400000095367432
v 27.58799934387207 -41.632999420166016 2.799999952316284
v 27.985000610351562 -41.64099884033203 2.5999999046325684
v 28.128999710083008 -23.569000244140625 2.938999891281128
v 28.128999710083008 -23.569000244140625 2.938999891281128
v 27.75 -23.56100082397461 3.1389999389648438
v 27.58799934387207 -41.632999420166016 2.799999952316284
v 56.71799850463867 -24 5.800000190734863
v 65 -24 0
v 56.430999755859375 -24 5.599999904632568
v 57.26599884033203 -24 6.199999809265137
v 65 -24 0
v 56.99599838256836 -24 6
v 56.71799850463867 -24 5.800000190734863
v 56.99599838256836 -24 6
v 65 -24 0
v 50.29899978637695 -24 2.4000000953674316
v 65 -24 0
v 49.766998291015625 -24 2.200000047683716
v 50.80500030517578 -24 2.5999999046325684
v 65 -24 0
v 50.29899978637695 -24 2.4000000953674316
v 51.28799819946289 -24 2.799999952316284
v 65 -24 0
v 50.80500030517578 -24 2.5999999046325684
v 49.20500183105469 -24 2
v 49.766998291015625 -24 2.200000047683716
v 65 -24 0
v 26.160999298095703 -41.60599899291992 3.5989999771118164
v 26.496999740600586 -41.61199951171875 3.3989999294281006
v 26.70199966430664 -23.54199981689453 3.739000082015991
v 51.75 -24 3
v 65 -24 0
v 51.28799819946289 -24 2.799999952316284
v 52.19300079345703 -24 3.200000047683716
v 65 -24 0
v 51.75 -24 3
v 52.617000579833984 -24 3.4000000953674316
v 65 -24 0
v 52.19300079345703 -24 3.200000047683716
v 53.0260009765625 -24 3.5999999046325684
v 53.42100143432617 -24 3.799999952316284
v 65 -24 0
v 53.42100143432617 -24 3.799999952316284
v 53.79999923706055 -24 4
v 65 -24 0
v 54.16699981689453 -24 4.199999809265137
v 65 -24 0
v 53.79999923706055 -24 4
v 52.617000579833984 -24 3.4000000953674316
v 53.0260009765625 -24 3.5999999046325684
v 65 -24 0
v 45.74300003051758 -24 1
v 65 -24 0
v 44.84000015258789 -24 0.800000011920929
v 25.472000122070312 -23.52400016784668 4.539000034332275
v 24.93199920654297 -41.5880012512207 4.39900016784668
v 25.224000930786133 -41.59199905395508 4.198999881744385
v 46.551998138427734 -24 1.2000000476837158
v 65 -24 0
v 45.74300003051758 -24 1
v 47.29100036621094 -24 1.399999976158142
v 65 -24 0
v 46.551998138427734 -24 1.2000000476837158
v 25.224000930786133 -41.59199905395508 4.198999881744385
v 25.764999389648438 -23.527999877929688 4.339000225067139
v 25.472000122070312 -23.52400016784668 4.539000034332275
v 48.60900115966797 -24 1.7999999523162842
v 65 -24 0
v 47.972999572753906 -24 1.600000023841858
v 47.972999572753906 -24 1.600000023841858
v 65 -24 0
v 47.29100036621094 -24 1.399999976158142
v 49.20500183105469 -24 2
v 65 -24 0
v 48.60900115966797 -24 1.7999999523162842
v 39.81232833862305 -24 0.14243245124816895
v 40.94900131225586 -24 0.20000000298023224
v 39.860084533691406 -24 0.13950398564338684
v 65 -24 0
v 37 -24 0
v 39.860084533691406 -24 0.13950398564338684
v 39.75384521484375 -24 0.13947050273418427
v 39.860084533691406 -24 0.13950398564338684
v 37 -24 0
v 42.571998596191406 -24 0.4000000059604645
v 65 -24 0
v 40.94900131225586 -24 0.20000000298023224
v 65 -24 0
v 42.571998596191406 -24 0.4000000059604645
v 43.80699920654297 -24 0.6000000238418579
v 43.80699920654297 -24 0.6000000238418579
v 44.84000015258789 -24 0.800000011920929
v 65 -24 0
v 39.860084533691406 -24 0.13950398564338684
v 40.94900131225586 -24 0.20000000298023224
v 65 -24 0
v 24.917999267578125 -23.517000198364258 4.939000129699707
v 24.37700080871582 -41.58100128173828 4.798999786376953
v 24.649999618530273 -41.58399963378906 4.598999977111816
v 17.3700008392334 -23.643999099731445 15.937000274658203
v 16.8799991607666 -41.70199966430664 15.597999572753906
v 17.42099952697754 -23.63800048828125 15.737000465393066
v 17.71299934387207 -23.610000610351562 14.737000465393066
v 17.64900016784668 -23.615999221801758 14.937000274658203
v 17.108999252319336 -41.67900085449219 14.79800033569336
v 17.58799934387207 -23.621000289916992 15.13700008392334
v 17.047000885009766 -41.685001373291016 14.998000144958496
v 17.64900016784668 -23.615999221801758 14.937000274658203
v 17.047000885009766 -41.685001373291016 14.998000144958496
v 17.108999252319336 -41.67900085449219 14.79800033569336
v 17.64900016784668 -23.615999221801758 14.937000274658203
v 16.334999084472656 -41.06399917602539 -1.1431696735064723e-11
v 24.37700080871582 -41.58100128173828 4.798999786376953
v 24.111000061035156 -41.577999114990234 4.999000072479248
v 17.305999755859375 -41.66400146484375 14.197999954223633
v 17.847000122070312 -23.600000381469727 14.336999893188477
v 17.77899932861328 -23.604999542236328 14.536999702453613
v 28.400999069213867 -41.650001525878906 2.4000000953674316
v 28.83799934387207 -41.65999984741211 2.200000047683716
v 28.941999435424805 -23.586000442504883 2.5390000343322754
v 28.941999435424805 -23.586000442504883 2.5390000343322754
v 28.525999069213867 -23.57699966430664 2.739000082015991
v 28.400999069213867 -41.650001525878906 2.4000000953674316
v 28.525999069213867 -23.57699966430664 2.739000082015991
v 28.128999710083008 -23.569000244140625 2.938999891281128
v 27.985000610351562 -41.64099884033203 2.5999999046325684
v 64.7969970703125 -42 17.600000381469727
v 64.83100128173828 -42 17.799999237060547
v 64.7969970703125 -24 17.600000381469727
v 64.7969970703125 -42 17.600000381469727
v 64.7969970703125 -24 17.600000381469727
v 64.76200103759766 -42 17.399999618530273
v 64.93099975585938 -24 18.600000381469727
v 64.93099975585938 -42 18.600000381469727
v 64.94999694824219 -24 18.799999237060547
v 64.94999694824219 -42 18.799999237060547
v 64.96499633789062 -42 19
v 64.94999694824219 -24 18.799999237060547
v 18.141000747680664 -41.61899948120117 12.197999954223633
v 18.7810001373291 -23.551000595092773 12.137999534606934
v 18.68199920654297 -23.55500030517578 12.338000297546387
v 18.045000076293945 -41.62300109863281 12.39799976348877
v 18.141000747680664 -41.61899948120117 12.197999954223633
v 18.586000442504883 -23.55900001525879 12.538000106811523
v 18.586000442504883 -23.55900001525879 12.538000106811523
v 18.492000579833984 -23.562999725341797 12.73799991607666
v 18.045000076293945 -41.62300109863281 12.39799976348877
v 64.63899993896484 -24 16.799999237060547
v 64.63899993896484 -42 16.799999237060547
v 64.68399810791016 -24 17
v 17.37700080871582 -41.659000396728516 13.998000144958496
v 17.992000579833984 -23.59000015258789 13.937999725341797
v 17.917999267578125 -23.594999313354492 14.13700008392334
v 26.496999740600586 -41.61199951171875 3.3989999294281006
v 26.844999313354492 -41.61800003051758 3.200000047683716
v 27.038000106811523 -23.54800033569336 3.5390000343322754
v 27.038000106811523 -23.54800033569336 3.5390000343322754
v 26.70199966430664 -23.54199981689453 3.739000082015991
v 26.496999740600586 -41.61199951171875 3.3989999294281006
v 26.70199966430664 -23.54199981689453 3.739000082015991
v 26.378000259399414 -23.53700065612793 3.938999891281128
v 26.160999298095703 -41.60599899291992 3.5989999771118164
v 25.836999893188477 -41.60100173950195 3.7990000247955322
v 26.160999298095703 -41.60599899291992 3.5989999771118164
v 26.378000259399414 -23.53700065612793 3.938999891281128
v 26.378000259399414 -23.53700065612793 3.938999891281128
v 26.06599998474121 -23.531999588012695 4.138999938964844
v 25.836999893188477 -41.60100173950195 3.7990000247955322
v 64.94999694824219 -42 18.799999237060547
v 64.94999694824219 -24 18.799999237060547
v 64.93099975585938 -42 18.600000381469727
v 18.315000534057617 -23.57200050354004 13.137999534606934
v 18.229000091552734 -23.576000213623047 13.338000297546387
v 17.68899917602539 -41.63999938964844 13.197999954223633
v 17.60700035095215 -41.64400100708008 13.39799976348877
v 17.68899917602539 -41.63999938964844 13.197999954223633
v 18.229000091552734 -23.576000213623047 13.338000297546387
v 17.60700035095215 -41.64400100708008 13.39799976348877
v 18.229000091552734 -23.576000213623047 13.338000297546387
v 18.148000717163086 -23.58099937438965 13.538000106811523
v 64.93099975585938 -42 18.600000381469727
v 64.93099975585938 -24 18.600000381469727
v 64.91000366210938 -24 18.399999618530273
v 64.7239990234375 -42 17.200000762939453
v 64.76200103759766 -42 17.399999618530273
v 64.7239990234375 -24 17.200000762939453
v 17.305999755859375 -41.66400146484375 14.197999954223633
v 17.37700080871582 -41.659000396728516 13.998000144958496
v 17.847000122070312 -23.600000381469727 14.336999893188477
v 17.917999267578125 -23.594999313354492 14.13700008392334
v 17.847000122070312 -23.600000381469727 14.336999893188477
v 17.37700080871582 -41.659000396728516 13.998000144958496
v 64.86000061035156 -24 18
v 64.88700103759766 -42 18.200000762939453
v 64.88700103759766 -24 18.200000762939453
v 64.88700103759766 -42 18.200000762939453
v 64.91000366210938 -24 18.399999618530273
v 64.88700103759766 -24 18.200000762939453
v 64.98699951171875 -24 19.399999618530273
v 64.97799682617188 -24 19.200000762939453
v 64.98699951171875 -42 19.399999618530273
v 64.99400329589844 -24 19.600000381469727
v 64.98699951171875 -24 19.399999618530273
v 64.98699951171875 -42 19.399999618530273
v 64.96499633789062 -24 19
v 64.96499633789062 -42 19
v 64.97799682617188 -24 19.200000762939453
v 64.54199981689453 -42 16.399999618530273
v 64.59300231933594 -24 16.600000381469727
v 64.54199981689453 -24 16.399999618530273
v 64.63899993896484 -42 16.799999237060547
v 64.63899993896484 -24 16.799999237060547
v 64.59300231933594 -24 16.600000381469727
v 64.68399810791016 -24 17
v 64.68399810791016 -42 17
v 64.7239990234375 -24 17.200000762939453
v 64.76200103759766 -24 17.399999618530273
v 64.7239990234375 -24 17.200000762939453
v 64.76200103759766 -42 17.399999618530273
v 21.464000701904297 -23.503000259399414 8.137999534606934
v 20.753000259399414 -41.56700134277344 8.199000358581543
v 20.92300033569336 -41.566001892089844 7.999000072479248
v 64.76200103759766 -24 17.399999618530273
v 64.76200103759766 -42 17.399999618530273
v 64.7969970703125 -24 17.600000381469727
v 64.99400329589844 -24 19.600000381469727
v 64.98699951171875 -42 19.399999618530273
v 64.99400329589844 -42 19.600000381469727
v 64.96499633789062 -24 19
v 64.94999694824219 -24 18.799999237060547
v 64.96499633789062 -42 19
v 64.99400329589844 -42 19.600000381469727
v 64.9990005493164 -24 19.799999237060547
v 64.99400329589844 -24 19.600000381469727
v 18.402000427246094 -23.566999435424805 12.937999725341797
v 17.951000213623047 -41.62699890136719 12.597999572753906
v 18.492000579833984 -23.562999725341797 12.73799991607666
v 17.77400016784668 -41.6349983215332 12.998000144958496
v 17.861000061035156 -41.63100051879883 12.79800033569336
v 18.315000534057617 -23.57200050354004 13.137999534606934
v 65 -42 20
v 65 -24 20
v 64.9990005493164 -24 19.799999237060547
v 17.77400016784668 -41.6349983215332 12.998000144958496
v 18.315000534057617 -23.57200050354004 13.137999534606934
v 17.68899917602539 -41.63999938964844 13.197999954223633
v 64.86000061035156 -24 18
v 64.86000061035156 -42 18
v 64.88700103759766 -42 18.200000762939453
v 64.97799682617188 -24 19.200000762939453
v 64.97799682617188 -42 19.200000762939453
v 64.98699951171875 -42 19.399999618530273
v 64.68399810791016 -24 17
v 64.63899993896484 -42 16.799999237060547
v 64.68399810791016 -42 17
v 24.917999267578125 -23.517000198364258 4.939000129699707
v 24.652000427246094 -23.513999938964844 5.138999938964844
v 24.37700080871582 -41.58100128173828 4.798999786376953
v 64.9990005493164 -24 19.799999237060547
v 64.99400329589844 -42 19.600000381469727
v 64.9990005493164 -42 19.799999237060547
v 64.9990005493164 -42 19.799999237060547
v 65 -42 20
v 64.9990005493164 -24 19.799999237060547
v 20.808000564575195 -23.506999969482422 8.937999725341797
v 20.655000686645508 -23.509000778198242 9.137999534606934
v 20.267000198364258 -41.57099914550781 8.798999786376953
v 20.11400032043457 -41.573001861572266 8.99899959564209
v 20.267000198364258 -41.57099914550781 8.798999786376953
v 20.655000686645508 -23.509000778198242 9.137999534606934
v 20.11400032043457 -41.573001861572266 8.99899959564209
v 20.655000686645508 -23.509000778198242 9.137999534606934
v 20.5049991607666 -23.51099967956543 9.338000297546387
v 21.29400062561035 -23.503000259399414 8.338000297546387
v 20.753000259399414 -41.56700134277344 8.199000358581543
v 21.464000701904297 -23.503000259399414 8.137999534606934
v 16.334999084472656 -41.06399917602539 -1.1431696735064723e-11
v 16.875999450683594 -23 0.14000000059604645
v 37 -41.905487060546875 -5.159899721546583e-17
v 20.753000259399414 -41.56700134277344 8.199000358581543
v 21.29400062561035 -23.503000259399414 8.338000297546387
v 20.586999893188477 -41.56800079345703 8.39900016784668
v 64.7239990234375 -42 17.200000762939453
v 64.7239990234375 -24 17.200000762939453
v 64.68399810791016 -42 17
v 64.83100128173828 -24 17.799999237060547
v 64.7969970703125 -24 17.600000381469727
v 64.83100128173828 -42 17.799999237060547
v 21.128000259399414 -23.5049991607666 8.538000106811523
v 20.586999893188477 -41.56800079345703 8.39900016784668
v 21.29400062561035 -23.503000259399414 8.338000297546387
v 64.86000061035156 -42 18
v 64.86000061035156 -24 18
v 64.83100128173828 -42 17.799999237060547
v 64.83100128173828 -24 17.799999237060547
v 64.83100128173828 -42 17.799999237060547
v 64.86000061035156 -24 18
v 64.91000366210938 -24 18.399999618530273
v 64.91000366210938 -42 18.399999618530273
v 64.93099975585938 -42 18.600000381469727
v 64.97799682617188 -24 19.200000762939453
v 64.96499633789062 -42 19
v 64.97799682617188 -42 19.200000762939453
v 64.59300231933594 -24 16.600000381469727
v 64.54199981689453 -42 16.399999618530273
v 64.59300231933594 -42 16.600000381469727
v 64.63899993896484 -42 16.799999237060547
v 64.59300231933594 -24 16.600000381469727
v 64.59300231933594 -42 16.600000381469727
v 64.91000366210938 -42 18.399999618530273
v 64.91000366210938 -24 18.399999618530273
v 64.88700103759766 -42 18.200000762939453
v 18.341999053955078 -41.611000061035156 11.79800033569336
v 18.447999954223633 -41.608001708984375 11.597999572753906
v 18.882999420166016 -23.547000885009766 11.937999725341797
v 18.141000747680664 -41.61899948120117 12.197999954223633
v 18.240999221801758 -41.6150016784668 11.998000144958496
v 18.7810001373291 -23.551000595092773 12.137999534606934
v 18.7810001373291 -23.551000595092773 12.137999534606934
v 18.341999053955078 -41.611000061035156 11.79800033569336
v 18.882999420166016 -23.547000885009766 11.937999725341797
v 18.341999053955078 -41.611000061035156 11.79800033569336
v 18.7810001373291 -23.551000595092773 12.137999534606934
v 18.240999221801758 -41.6150016784668 11.998000144958496
v 18.66699981689453 -41.60100173950195 11.197999954223633
v 19.20800018310547 -23.53700065612793 11.338000297546387
v 19.09600067138672 -23.540000915527344 11.538000106811523
v 18.447999954223633 -41.608001708984375 11.597999572753906
v 18.55500030517578 -41.604000091552734 11.39799976348877
v 18.98900032043457 -23.54400062561035 11.73799991607666
v 18.447999954223633 -41.608001708984375 11.597999572753906
v 18.98900032043457 -23.54400062561035 11.73799991607666
v 18.882999420166016 -23.547000885009766 11.937999725341797
v 18.7810001373291 -41.59700012207031 10.998000144958496
v 19.20800018310547 -23.53700065612793 11.338000297546387
v 18.66699981689453 -41.60100173950195 11.197999954223633
v 19.56100082397461 -23.527999877929688 10.73799991607666
v 19.440000534057617 -23.5310001373291 10.937999725341797
v 19.020000457763672 -41.590999603271484 10.597999572753906
v 18.89900016784668 -41.59400177001953 10.79800033569336
v 19.020000457763672 -41.590999603271484 10.597999572753906
v 19.440000534057617 -23.5310001373291 10.937999725341797
v 18.7810001373291 -41.59700012207031 10.998000144958496
v 18.89900016784668 -41.59400177001953 10.79800033569336
v 19.32200050354004 -23.534000396728516 11.137999534606934
v 19.440000534057617 -23.5310001373291 10.937999725341797
v 19.32200050354004 -23.534000396728516 11.137999534606934
v 18.89900016784668 -41.59400177001953 10.79800033569336
v 19.32200050354004 -23.534000396728516 11.137999534606934
v 19.20800018310547 -23.53700065612793 11.338000297546387
v 18.7810001373291 -41.59700012207031 10.998000144958496
v 64.18099975585938 -42 15.199999809265137
v 64.25 -24 15.399999618530273
v 64.18099975585938 -24 15.199999809265137
v 19.684999465942383 -23.524999618530273 10.538000106811523
v 19.145000457763672 -41.5890007019043 10.39799976348877
v 19.812999725341797 -23.52199935913086 10.338000297546387
v 19.27199935913086 -41.58599853515625 10.197999954223633
v 19.812999725341797 -23.52199935913086 10.338000297546387
v 19.145000457763672 -41.5890007019043 10.39799976348877
v 19.812999725341797 -23.52199935913086 10.338000297546387
v 19.27199935913086 -41.58599853515625 10.197999954223633
v 19.94300079345703 -23.520000457763672 10.137999534606934
v 63.797000885009766 -24 14.199999809265137
v 63.797000885009766 -42 14.199999809265137
v 63.880001068115234 -24 14.399999618530273
v 24.145999908447266 -23.509000778198242 5.539000034332275
v 23.604999542236328 -41.573001861572266 5.39900016784668
v 23.854999542236328 -41.57500076293945 5.198999881744385
v 64.43399810791016 -24 16
v 64.3759994506836 -24 15.800000190734863
v 64.43399810791016 -42 16
v 64.48999786376953 -42 16.200000762939453
v 64.48999786376953 -24 16.200000762939453
v 64.43399810791016 -42 16
v 64.48999786376953 -42 16.200000762939453
v 64.54199981689453 -42 16.399999618530273
v 64.48999786376953 -24 16.200000762939453
v 63.880001068115234 -42 14.399999618530273
v 63.959999084472656 -24 14.600000381469727
v 63.880001068115234 -24 14.399999618530273
v 23.440000534057617 -23.503999710083008 6.138999938964844
v 22.89900016784668 -41.56800079345703 5.999000072479248
v 23.128000259399414 -41.569000244140625 5.798999786376953
v 63.880001068115234 -24 14.399999618530273
v 63.797000885009766 -42 14.199999809265137
v 63.880001068115234 -42 14.399999618530273
v 64.18099975585938 -42 15.199999809265137
v 64.18099975585938 -24 15.199999809265137
v 64.11100006103516 -24 15
v 64.11100006103516 -24 15
v 64.11100006103516 -42 15
v 64.18099975585938 -42 15.199999809265137
v 16.857999801635742 -23.773000717163086 19.73699951171875
v 16.875999450683594 -23 0.14000000059604645
v 16.854000091552734 -23.780000686645508 19.937000274658203
v 63.33300018310547 -24 13.199999809265137
v 63.33300018310547 -42 13.199999809265137
v 63.43199920654297 -24 13.399999618530273
v 63.797000885009766 -42 14.199999809265137
v 63.797000885009766 -24 14.199999809265137
v 63.71099853515625 -24 14
v 63.229000091552734 -42 13
v 63.229000091552734 -24 13
v 63.12300109863281 -24 12.800000190734863
v 63.229000091552734 -42 13
v 63.33300018310547 -42 13.199999809265137
v 63.229000091552734 -24 13
v 63.43199920654297 -42 13.399999618530273
v 63.527000427246094 -24 13.600000381469727
v 63.43199920654297 -24 13.399999618530273
v 61.7140007019043 -24 10.600000381469727
v 61.5629997253418 -24 10.399999618530273
v 61.7140007019043 -42 10.600000381469727
v 61.861000061035156 -24 10.800000190734863
v 61.7140007019043 -24 10.600000381469727
v 61.7140007019043 -42 10.600000381469727
v 59.808998107910156 -42 8.399999618530273
v 60.00600051879883 -42 8.600000381469727
v 59.808998107910156 -24 8.399999618530273
v 62.78200149536133 -24 12.199999809265137
v 62.900001525878906 -42 12.399999618530273
v 62.900001525878906 -24 12.399999618530273
v 16.875999450683594 -23 0.14000000059604645
v 19.94300079345703 -23.520000457763672 10.137999534606934
v 20.07900047302246 -23.517000198364258 9.937999725341797
v 20.655000686645508 -23.509000778198242 9.137999534606934
v 20.808000564575195 -23.506999969482422 8.937999725341797
v 16.875999450683594 -23 0.14000000059604645
v 20.07900047302246 -23.517000198364258 9.937999725341797
v 20.216999053955078 -23.514999389648438 9.73799991607666
v 16.875999450683594 -23 0.14000000059604645
v 20.5049991607666 -23.51099967956543 9.338000297546387
v 20.655000686645508 -23.509000778198242 9.137999534606934
v 16.875999450683594 -23 0.14000000059604645
v 62.40999984741211 -42 11.600000381469727
v 62.53900146484375 -24 11.800000190734863
v 62.40999984741211 -24 11.600000381469727
v 21.128000259399414 -23.5049991607666 8.538000106811523
v 21.29400062561035 -23.503000259399414 8.338000297546387
v 16.875999450683594 -23 0.14000000059604645
v 20.808000564575195 -23.506999969482422 8.937999725341797
v 20.965999603271484 -23.506000518798828 8.73799991607666
v 16.875999450683594 -23 0.14000000059604645
v 16.875999450683594 -23 0.14000000059604645
v 20.358999252319336 -23.51300048828125 9.538000106811523
v 20.5049991607666 -23.51099967956543 9.338000297546387
v 22.586000442504883 -23.500999450683594 6.939000129699707
v 22.791000366210938 -23.500999450683594 6.738999843597412
v 16.875999450683594 -23 0.14000000059604645
v 22.38599967956543 -23.500999450683594 7.138999938964844
v 22.586000442504883 -23.500999450683594 6.939000129699707
v 16.875999450683594 -23 0.14000000059604645
v 16.875999450683594 -23 0.14000000059604645
v 22.791000366210938 -23.500999450683594 6.738999843597412
v 23.000999450683594 -23.50200080871582 6.539000034332275
v 23.218000411987305 -23.503000259399414 6.339000225067139
v 23.440000534057617 -23.503999710083008 6.138999938964844
v 16.875999450683594 -23 0.14000000059604645
v 23.440000534057617 -23.503999710083008 6.138999938964844
v 23.66900062561035 -23.506000518798828 5.939000129699707
v 16.875999450683594 -23 0.14000000059604645
v 59.1870002746582 -24 7.800000190734863
v 58.96900177001953 -24 7.599999904632568
v 59.1870002746582 -42 7.800000190734863
v 59.1870002746582 -42 7.800000190734863
v 59.400001525878906 -24 8
v 59.1870002746582 -24 7.800000190734863
v 24.145999908447266 -23.509000778198242 5.539000034332275
v 24.395999908447266 -23.51099967956543 5.339000225067139
v 16.875999450683594 -23 0.14000000059604645
v 24.917999267578125 -23.517000198364258 4.939000129699707
v 25.19099998474121 -23.520000457763672 4.738999843597412
v 16.875999450683594 -23 0.14000000059604645
v 58.27899932861328 -24 7
v 58.03499984741211 -24 6.800000190734863
v 58.27899932861328 -42 7
v 26.378000259399414 -23.53700065612793 3.938999891281128
v 26.70199966430664 -23.54199981689453 3.739000082015991
v 16.875999450683594 -23 0.14000000059604645
v 58.513999938964844 -24 7.199999809265137
v 58.27899932861328 -24 7
v 58.27899932861328 -42 7
v 26.70199966430664 -23.54199981689453 3.739000082015991
v 27.038000106811523 -23.54800033569336 3.5390000343322754
v 16.875999450683594 -23 0.14000000059604645
v 16.334999084472656 -41.06399917602539 -1.1431696735064723e-11
v 17.861000061035156 -41.63100051879883 12.79800033569336
v 17.77400016784668 -41.6349983215332 12.998000144958496
v 24.395999908447266 -23.51099967956543 5.339000225067139
v 24.652000427246094 -23.513999938964844 5.138999938964844
v 16.875999450683594 -23 0.14000000059604645
v 23.90399932861328 -23.506999969482422 5.738999843597412
v 24.145999908447266 -23.509000778198242 5.539000034332275
v 16.875999450683594 -23 0.14000000059604645
v 17.527999877929688 -41.64899826049805 13.597999572753906
v 17.451000213623047 -41.65399932861328 13.79800033569336
v 16.334999084472656 -41.06399917602539 -1.1431696735064723e-11
v 24.652000427246094 -23.513999938964844 5.138999938964844
v 24.917999267578125 -23.517000198364258 4.939000129699707
v 16.875999450683594 -23 0.14000000059604645
v 50.29899978637695 -24 2.4000000953674316
v 49.766998291015625 -24 2.200000047683716
v 50.29899978637695 -42 2.4000000953674316
v 16.334999084472656 -41.06399917602539 -1.1431696735064723e-11
v 17.60700035095215 -41.64400100708008 13.39799976348877
v 17.527999877929688 -41.64899826049805 13.597999572753906
v 50.29899978637695 -42 2.4000000953674316
v 50.80500030517578 -42 2.5999999046325684
v 50.29899978637695 -24 2.4000000953674316
v 50.80500030517578 -24 2.5999999046325684
v 50.80500030517578 -42 2.5999999046325684
v 51.28799819946289 -24 2.799999952316284
v 16.875999450683594 -23 0.14000000059604645
v 23.000999450683594 -23.50200080871582 6.539000034332275
v 23.218000411987305 -23.503000259399414 6.339000225067139
v 51.75 -24 3
v 51.28799819946289 -24 2.799999952316284
v 51.28799819946289 -42 2.799999952316284
v 23.66900062561035 -23.506000518798828 5.939000129699707
v 23.90399932861328 -23.506999969482422 5.738999843597412
v 16.875999450683594 -23 0.14000000059604645
v 22.191999435424805 -23.500999450683594 7.339000225067139
v 22.38599967956543 -23.500999450683594 7.138999938964844
v 16.875999450683594 -23 0.14000000059604645
v 22.003000259399414 -23.500999450683594 7.538000106811523
v 22.191999435424805 -23.500999450683594 7.339000225067139
v 16.875999450683594 -23 0.14000000059604645
v 16.875999450683594 -23 0.14000000059604645
v 21.81800079345703 -23.500999450683594 7.73799991607666
v 22.003000259399414 -23.500999450683594 7.538000106811523
v 16.875999450683594 -23 0.14000000059604645
v 21.464000701904297 -23.503000259399414 8.137999534606934
v 21.638999938964844 -23.50200080871582 7.938000202178955
v 16.875999450683594 -23 0.14000000059604645
v 21.638999938964844 -23.50200080871582 7.938000202178955
v 21.81800079345703 -23.500999450683594 7.73799991607666
v 21.29400062561035 -23.503000259399414 8.338000297546387
v 21.464000701904297 -23.503000259399414 8.137999534606934
v 16.875999450683594 -23 0.14000000059604645
v 54.8650016784668 -42 4.599999904632568
v 54.8650016784668 -24 4.599999904632568
v 54.52199935913086 -24 4.400000095367432
v 27.38599967956543 -23.554000854492188 3.3389999866485596
v 16.875999450683594 -23 0.14000000059604645
v 27.038000106811523 -23.54800033569336 3.5390000343322754
v 55.196998596191406 -24 4.800000190734863
v 54.8650016784668 -24 4.599999904632568
v 54.8650016784668 -42 4.599999904632568
v 16.875999450683594 -23 0.14000000059604645
v 30.329999923706055 -23.618999481201172 1.9390000104904175
v 30.851999282836914 -23.631999969482422 1.7389999628067017
v 19.81800079345703 -41.57699966430664 9.39900016784668
v 19.964000701904297 -41.57500076293945 9.199000358581543
v 20.358999252319336 -23.51300048828125 9.538000106811523
v 16.875999450683594 -23 0.14000000059604645
v 28.525999069213867 -23.57699966430664 2.739000082015991
v 28.941999435424805 -23.586000442504883 2.5390000343322754
v 32.01900100708008 -23.663999557495117 1.3389999866485596
v 32.683998107910156 -23.683000564575195 1.1390000581741333
v 16.875999450683594 -23 0.14000000059604645
v 16.875999450683594 -23 0.14000000059604645
v 30.851999282836914 -23.631999969482422 1.7389999628067017
v 31.41200065612793 -23.64699935913086 1.5390000343322754
v 20.216999053955078 -23.514999389648438 9.73799991607666
v 20.07900047302246 -23.517000198364258 9.937999725341797
v 19.538000106811523 -41.58100128173828 9.798999786376953
v 29.84000015258789 -23.60700035095215 2.1389999389648438
v 30.329999923706055 -23.618999481201172 1.9390000104904175
v 16.875999450683594 -23 0.14000000059604645
v 56.71799850463867 -24 5.800000190734863
v 56.430999755859375 -24 5.599999904632568
v 56.71799850463867 -42 5.800000190734863
v 16.875999450683594 -23 0.14000000059604645
v 31.41200065612793 -23.64699935913086 1.5390000343322754
v 32.01900100708008 -23.663999557495117 1.3389999866485596
v 19.94300079345703 -23.520000457763672 10.137999534606934
v 19.538000106811523 -41.58100128173828 9.798999786376953
v 20.07900047302246 -23.517000198364258 9.937999725341797
v 56.71799850463867 -24 5.800000190734863
v 56.71799850463867 -42 5.800000190734863
v 56.99599838256836 -24 6
v 16.875999450683594 -23 0.14000000059604645
v 32.683998107910156 -23.683000564575195 1.1390000581741333
v 33.42499923706055 -23.70599937438965 0.9390000104904175
v 34.27399826049805 -23.73200035095215 0.7400000095367432
v 16.875999450683594 -23 0.14000000059604645
v 33.42499923706055 -23.70599937438965 0.9390000104904175
v 35.28799819946289 -23.766000747680664 0.5400000214576721
v 36.619998931884766 -23.812000274658203 0.3400000035762787
v 16.875999450683594 -23 0.14000000059604645
v 36.619998931884766 -23.812000274658203 0.3400000035762787
v 39.86199951171875 -23.93600082397461 0.14000000059604645
v 16.875999450683594 -23 0.14000000059604645
v 34.27399826049805 -23.73200035095215 0.7400000095367432
v 35.28799819946289 -23.766000747680664 0.5400000214576721
v 16.875999450683594 -23 0.14000000059604645
v 50.80500030517578 -24 2.5999999046325684
v 50.29899978637695 -24 2.4000000953674316
v 50.80500030517578 -42 2.5999999046325684
v 16.875999450683594 -23 0.14000000059604645
v 29.378999710083008 -23.59600067138672 2.3389999866485596
v 29.84000015258789 -23.60700035095215 2.1389999389648438
v 51.28799819946289 -42 2.799999952316284
v 51.28799819946289 -24 2.799999952316284
v 50.80500030517578 -42 2.5999999046325684
v 28.941999435424805 -23.586000442504883 2.5390000343322754
v 29.378999710083008 -23.59600067138672 2.3389999866485596
v 16.875999450683594 -23 0.14000000059604645
v 27.38599967956543 -23.554000854492188 3.3389999866485596
v 27.75 -23.56100082397461 3.1389999389648438
v 16.875999450683594 -23 0.14000000059604645
v 28.128999710083008 -23.569000244140625 2.938999891281128
v 28.525999069213867 -23.57699966430664 2.739000082015991
v 16.875999450683594 -23 0.14000000059604645
v 19.538000106811523 -41.58100128173828 9.798999786376953
v 19.677000045776367 -41.57899856567383 9.598999977111816
v 20.216999053955078 -23.514999389648438 9.73799991607666
v 52.617000579833984 -42 3.4000000953674316
v 52.617000579833984 -24 3.4000000953674316
v 52.19300079345703 -24 3.200000047683716
v 52.617000579833984 -24 3.4000000953674316
v 52.617000579833984 -42 3.4000000953674316
v 53.0260009765625 -24 3.5999999046325684
v 16.875999450683594 -23 0.14000000059604645
v 27.75 -23.56100082397461 3.1389999389648438
v 28.128999710083008 -23.569000244140625 2.938999891281128
v 20.965999603271484 -23.506000518798828 8.73799991607666
v 21.128000259399414 -23.5049991607666 8.538000106811523
v 16.875999450683594 -23 0.14000000059604645
v 20.216999053955078 -23.514999389648438 9.73799991607666
v 19.677000045776367 -41.57899856567383 9.598999977111816
v 19.81800079345703 -41.57699966430664 9.39900016784668
v 20.358999252319336 -23.51300048828125 9.538000106811523
v 16.875999450683594 -23 0.14000000059604645
v 20.216999053955078 -23.514999389648438 9.73799991607666
v 64.43399810791016 -24 16
v 64.43399810791016 -42 16
v 64.48999786376953 -24 16.200000762939453
v 16.875999450683594 -23 0.14000000059604645
v 16.85300064086914 -23.788000106811523 20.136999130249023
v 16.854000091552734 -23.780000686645508 19.937000274658203
v 20.216999053955078 -23.514999389648438 9.73799991607666
v 19.81800079345703 -41.57699966430664 9.39900016784668
v 20.358999252319336 -23.51300048828125 9.538000106811523
v 64.54199981689453 -24 16.399999618530273
v 64.48999786376953 -24 16.200000762939453
v 64.54199981689453 -42 16.399999618530273
v 16.86400032043457 -23.764999389648438 19.53700065612793
v 16.871999740600586 -23.756999969482422 19.336999893188477
v 16.875999450683594 -23 0.14000000059604645
v 16.895000457763672 -23.743000030517578 18.937000274658203
v 16.910999298095703 -23.735000610351562 18.73699951171875
v 16.875999450683594 -23 0.14000000059604645
v 64.03700256347656 -24 14.800000190734863
v 64.03700256347656 -42 14.800000190734863
v 64.11100006103516 -24 15
v 16.875999450683594 -23 0.14000000059604645
v 16.910999298095703 -23.735000610351562 18.73699951171875
v 16.92799949645996 -23.72800064086914 18.53700065612793
v 16.875999450683594 -23 0.14000000059604645
v 16.92799949645996 -23.72800064086914 18.53700065612793
v 16.947999954223633 -23.72100067138672 18.336999893188477
v 16.875999450683594 -23 0.14000000059604645
v 16.947999954223633 -23.72100067138672 18.336999893188477
v 16.969999313354492 -23.714000701904297 18.136999130249023
v 16.875999450683594 -23 0.14000000059604645
v 16.969999313354492 -23.714000701904297 18.136999130249023
v 16.993999481201172 -23.707000732421875 17.937000274658203
v 64.3759994506836 -42 15.800000190734863
v 64.3759994506836 -24 15.800000190734863
v 64.31400299072266 -24 15.600000381469727
v 16.882999420166016 -23.75 19.136999130249023
v 16.895000457763672 -23.743000030517578 18.937000274658203
v 16.875999450683594 -23 0.14000000059604645
v 16.871999740600586 -23.756999969482422 19.336999893188477
v 16.882999420166016 -23.75 19.136999130249023
v 16.875999450683594 -23 0.14000000059604645
v 17.02199935913086 -23.700000762939453 17.73699951171875
v 16.875999450683594 -23 0.14000000059604645
v 16.993999481201172 -23.707000732421875 17.937000274658203
v 63.01300048828125 -24 12.600000381469727
v 62.900001525878906 -24 12.399999618530273
v 62.900001525878906 -42 12.399999618530273
v 17.32200050354004 -23.649999618530273 16.136999130249023
v 17.3700008392334 -23.643999099731445 15.937000274658203
v 16.875999450683594 -23 0.14000000059604645
v 17.274999618530273 -23.6560001373291 16.336999893188477
v 17.32200050354004 -23.649999618530273 16.136999130249023
v 16.875999450683594 -23 0.14000000059604645
v 17.19099998474121 -23.667999267578125 16.73699951171875
v 17.232999801635742 -23.66200065612793 16.53700065612793
v 16.875999450683594 -23 0.14000000059604645
v 63.43199920654297 -42 13.399999618530273
v 63.43199920654297 -24 13.399999618530273
v 63.33300018310547 -42 13.199999809265137
v 17.152999877929688 -23.673999786376953 16.937000274658203
v 17.19099998474121 -23.667999267578125 16.73699951171875
v 16.875999450683594 -23 0.14000000059604645
v 17.474000930786133 -23.631999969482422 15.536999702453613
v 17.5310001373291 -23.625999450683594 15.336999893188477
v 16.875999450683594 -23 0.14000000059604645
v 17.5310001373291 -23.625999450683594 15.336999893188477
v 17.58799934387207 -23.621000289916992 15.13700008392334
v 16.875999450683594 -23 0.14000000059604645
v 63.33300018310547 -24 13.199999809265137
v 63.229000091552734 -24 13
v 63.33300018310547 -42 13.199999809265137
v 17.42099952697754 -23.63800048828125 15.737000465393066
v 17.474000930786133 -23.631999969482422 15.536999702453613
v 16.875999450683594 -23 0.14000000059604645
v 16.857999801635742 -23.773000717163086 19.73699951171875
v 16.86400032043457 -23.764999389648438 19.53700065612793
v 16.875999450683594 -23 0.14000000059604645
v 16.875999450683594 -23 0.14000000059604645
v 17.3700008392334 -23.643999099731445 15.937000274658203
v 17.42099952697754 -23.63800048828125 15.737000465393066
v 17.917999267578125 -23.594999313354492 14.13700008392334
v 17.992000579833984 -23.59000015258789 13.937999725341797
v 16.875999450683594 -23 0.14000000059604645
v 17.847000122070312 -23.600000381469727 14.336999893188477
v 17.917999267578125 -23.594999313354492 14.13700008392334
v 16.875999450683594 -23 0.14000000059604645
v 64.3759994506836 -24 15.800000190734863
v 64.3759994506836 -42 15.800000190734863
v 64.43399810791016 -42 16
v 18.069000244140625 -23.584999084472656 13.73799991607666
v 16.875999450683594 -23 0.14000000059604645
v 17.992000579833984 -23.59000015258789 13.937999725341797
v 18.148000717163086 -23.58099937438965 13.538000106811523
v 18.229000091552734 -23.576000213623047 13.338000297546387
v 16.875999450683594 -23 0.14000000059604645
v 16.875999450683594 -23 0.14000000059604645
v 18.229000091552734 -23.576000213623047 13.338000297546387
v 18.315000534057617 -23.57200050354004 13.137999534606934
v 64.03700256347656 -24 14.800000190734863
v 63.959999084472656 -24 14.600000381469727
v 64.03700256347656 -42 14.800000190734863
v 18.402000427246094 -23.566999435424805 12.937999725341797
v 16.875999450683594 -23 0.14000000059604645
v 18.315000534057617 -23.57200050354004 13.137999534606934
v 64.11100006103516 -42 15
v 64.11100006103516 -24 15
v 64.03700256347656 -42 14.800000190734863
v 16.875999450683594 -23 0.14000000059604645
v 18.402000427246094 -23.566999435424805 12.937999725341797
v 18.492000579833984 -23.562999725341797 12.73799991607666
v 18.7810001373291 -23.551000595092773 12.137999534606934
v 18.882999420166016 -23.547000885009766 11.937999725341797
v 16.875999450683594 -23 0.14000000059604645
v 16.875999450683594 -23 0.14000000059604645
v 18.492000579833984 -23.562999725341797 12.73799991607666
v 18.586000442504883 -23.55900001525879 12.538000106811523
v 18.68199920654297 -23.55500030517578 12.338000297546387
v 18.7810001373291 -23.551000595092773 12.137999534606934
v 16.875999450683594 -23 0.14000000059604645
v 16.875999450683594 -23 0.14000000059604645
v 18.586000442504883 -23.55900001525879 12.538000106811523
v 18.68199920654297 -23.55500030517578 12.338000297546387
v 18.069000244140625 -23.584999084472656 13.73799991607666
v 18.148000717163086 -23.58099937438965 13.538000106811523
v 16.875999450683594 -23 0.14000000059604645
v 19.09600067138672 -23.540000915527344 11.538000106811523
v 16.875999450683594 -23 0.14000000059604645
v 18.98900032043457 -23.54400062561035 11.73799991607666
v 62.78200149536133 -24 12.199999809265137
v 62.78200149536133 -42 12.199999809265137
v 62.900001525878906 -42 12.399999618530273
v 39.75384521484375 -24 0.13947050273418427
v 37 -41.905487060546875 -5.159899721546583e-17
v 16.875999450683594 -23 0.14000000059604645
v 19.684999465942383 -23.524999618530273 10.538000106811523
v 19.812999725341797 -23.52199935913086 10.338000297546387
v 16.875999450683594 -23 0.14000000059604645
v 16.875999450683594 -23 0.14000000059604645
v 19.32200050354004 -23.534000396728516 11.137999534606934
v 19.440000534057617 -23.5310001373291 10.937999725341797
v 16.875999450683594 -23 0.14000000059604645
v 19.440000534057617 -23.5310001373291 10.937999725341797
v 19.56100082397461 -23.527999877929688 10.73799991607666
v 63.01300048828125 -24 12.600000381469727
v 63.01300048828125 -42 12.600000381469727
v 63.12300109863281 -24 12.800000190734863
v 19.32200050354004 -23.534000396728516 11.137999534606934
v 16.875999450683594 -23 0.14000000059604645
v 19.20800018310547 -23.53700065612793 11.338000297546387
v 19.684999465942383 -23.524999618530273 10.538000106811523
v 16.875999450683594 -23 0.14000000059604645
v 19.56100082397461 -23.527999877929688 10.73799991607666
v 63.71099853515625 -42 14
v 63.71099853515625 -24 14
v 63.62099838256836 -42 13.800000190734863
v 63.62099838256836 -24 13.800000190734863
v 63.62099838256836 -42 13.800000190734863
v 63.71099853515625 -24 14
v 16.875999450683594 -23 0.14000000059604645
v 19.812999725341797 -23.52199935913086 10.338000297546387
v 19.94300079345703 -23.520000457763672 10.137999534606934
v 63.797000885009766 -42 14.199999809265137
v 63.71099853515625 -24 14
v 63.71099853515625 -42 14
v 19.20800018310547 -23.53700065612793 11.338000297546387
v 16.875999450683594 -23 0.14000000059604645
v 19.09600067138672 -23.540000915527344 11.538000106811523
v 39.86199951171875 -23.93600082397461 0.14000000059604645
v 39.75384521484375 -24 0.13947050273418427
v 16.875999450683594 -23 0.14000000059604645
v 63.62099838256836 -42 13.800000190734863
v 63.62099838256836 -24 13.800000190734863
v 63.527000427246094 -24 13.600000381469727
v 21.81800079345703 -23.500999450683594 7.73799991607666
v 21.638999938964844 -23.50200080871582 7.938000202178955
v 21.277999877929688 -41.564998626708984 7.598999977111816
v 21.638999938964844 -23.50200080871582 7.938000202178955
v 21.464000701904297 -23.503000259399414 8.137999534606934
v 20.92300033569336 -41.566001892089844 7.999000072479248
v 61.5629997253418 -24 10.399999618530273
v 61.5629997253418 -42 10.399999618530273
v 61.7140007019043 -42 10.600000381469727
v 21.844999313354492 -41.56399917602539 6.999000072479248
v 22.045000076293945 -41.564998626708984 6.798999786376953
v 22.586000442504883 -23.500999450683594 6.939000129699707
v 61.861000061035156 -24 10.800000190734863
v 61.7140007019043 -42 10.600000381469727
v 61.861000061035156 -42 10.800000190734863
v 61.861000061035156 -42 10.800000190734863
v 62.005001068115234 -24 11
v 61.861000061035156 -24 10.800000190734863
v 23.218000411987305 -23.503000259399414 6.339000225067139
v 23.000999450683594 -23.50200080871582 6.539000034332275
v 22.677000045776367 -41.56700134277344 6.198999881744385
v 22.25 -41.564998626708984 6.598999977111816
v 22.459999084472656 -41.566001892089844 6.39900016784668
v 22.791000366210938 -23.500999450683594 6.738999843597412
v 62.40999984741211 -24 11.600000381469727
v 62.279998779296875 -24 11.399999618530273
v 62.40999984741211 -42 11.600000381469727
v 22.045000076293945 -41.564998626708984 6.798999786376953
v 22.25 -41.564998626708984 6.598999977111816
v 22.586000442504883 -23.500999450683594 6.939000129699707
v 22.791000366210938 -23.500999450683594 6.738999843597412
v 22.586000442504883 -23.500999450683594 6.939000129699707
v 22.25 -41.564998626708984 6.598999977111816
v 22.586000442504883 -23.500999450683594 6.939000129699707
v 22.38599967956543 -23.500999450683594 7.138999938964844
v 21.844999313354492 -41.56399917602539 6.999000072479248
v 21.652000427246094 -41.56399917602539 7.198999881744385
v 22.38599967956543 -23.500999450683594 7.138999938964844
v 22.191999435424805 -23.500999450683594 7.339000225067139
v 61.5629997253418 -24 10.399999618530273
v 61.40800094604492 -24 10.199999809265137
v 61.5629997253418 -42 10.399999618530273
v 22.003000259399414 -23.500999450683594 7.538000106811523
v 21.652000427246094 -41.56399917602539 7.198999881744385
v 22.191999435424805 -23.500999450683594 7.339000225067139
v 62.78200149536133 -42 12.199999809265137
v 62.78200149536133 -24 12.199999809265137
v 62.6619987487793 -24 12
v 60.91600036621094 -42 9.600000381469727
v 61.08399963378906 -24 9.800000190734863
v 60.91600036621094 -24 9.600000381469727
v 23.36400032043457 -41.57099914550781 5.598999977111816
v 23.604999542236328 -41.573001861572266 5.39900016784668
v 23.90399932861328 -23.506999969482422 5.738999843597412
v 23.854999542236328 -41.57500076293945 5.198999881744385
v 24.111000061035156 -41.577999114990234 4.999000072479248
v 24.395999908447266 -23.51099967956543 5.339000225067139
v 24.395999908447266 -23.51099967956543 5.339000225067139
v 24.145999908447266 -23.509000778198242 5.539000034332275
v 23.854999542236328 -41.57500076293945 5.198999881744385
v 61.40800094604492 -42 10.199999809265137
v 61.5629997253418 -42 10.399999618530273
v 61.40800094604492 -24 10.199999809265137
v 23.90399932861328 -23.506999969482422 5.738999843597412
v 23.604999542236328 -41.573001861572266 5.39900016784668
v 24.145999908447266 -23.509000778198242 5.539000034332275
v 22.677000045776367 -41.56700134277344 6.198999881744385
v 22.89900016784668 -41.56800079345703 5.999000072479248
v 23.218000411987305 -23.503000259399414 6.339000225067139
v 23.440000534057617 -23.503999710083008 6.138999938964844
v 23.218000411987305 -23.503000259399414 6.339000225067139
v 22.89900016784668 -41.56800079345703 5.999000072479248
v 16.312000274658203 -41.85200119018555 19.996999740600586
v 16.85300064086914 -23.788000106811523 20.136999130249023
v 16.334999084472656 -41.06399917602539 -1.1431696735064723e-11
v 60.91600036621094 -42 9.600000381469727
v 60.91600036621094 -24 9.600000381469727
v 60.74399948120117 -24 9.399999618530273
v 21.097999572753906 -41.566001892089844 7.798999786376953
v 21.277999877929688 -41.564998626708984 7.598999977111816
v 21.638999938964844 -23.50200080871582 7.938000202178955
v 60.198001861572266 -24 8.800000190734863
v 60.00600051879883 -24 8.600000381469727
v 60.00600051879883 -42 8.600000381469727
v 21.097999572753906 -41.566001892089844 7.798999786376953
v 21.638999938964844 -23.50200080871582 7.938000202178955
v 20.92300033569336 -41.566001892089844 7.999000072479248
v 60.38399887084961 -42 9
v 60.566001892089844 -42 9.199999809265137
v 60.38399887084961 -24 9
v 59.808998107910156 -42 8.399999618530273
v 59.808998107910156 -24 8.399999618530273
v 59.606998443603516 -24 8.199999809265137
v 21.461999893188477 -41.564998626708984 7.39900016784668
v 21.81800079345703 -23.500999450683594 7.73799991607666
v 21.277999877929688 -41.564998626708984 7.598999977111816
v 60.00600051879883 -24 8.600000381469727
v 59.808998107910156 -24 8.399999618530273
v 60.00600051879883 -42 8.600000381469727
v 23.000999450683594 -23.50200080871582 6.539000034332275
v 22.459999084472656 -41.566001892089844 6.39900016784668
v 22.677000045776367 -41.56700134277344 6.198999881744385
v 23.000999450683594 -23.50200080871582 6.539000034332275
v 22.791000366210938 -23.500999450683594 6.738999843597412
v 22.459999084472656 -41.566001892089844 6.39900016784668
v 62.53900146484375 -42 11.800000190734863
v 62.6619987487793 -24 12
v 62.53900146484375 -24 11.800000190734863
v 22.38599967956543 -23.500999450683594 7.138999938964844
v 21.652000427246094 -41.56399917602539 7.198999881744385
v 21.844999313354492 -41.56399917602539 6.999000072479248
v 21.652000427246094 -41.56399917602539 7.198999881744385
v 22.003000259399414 -23.500999450683594 7.538000106811523
v 21.461999893188477 -41.564998626708984 7.39900016784668
v 62.279998779296875 -42 11.399999618530273
v 62.279998779296875 -24 11.399999618530273
v 62.14400100708008 -42 11.199999809265137
v 22.003000259399414 -23.500999450683594 7.538000106811523
v 21.81800079345703 -23.500999450683594 7.73799991607666
v 21.461999893188477 -41.564998626708984 7.39900016784668
v 62.279998779296875 -24 11.399999618530273
v 62.279998779296875 -42 11.399999618530273
v 62.40999984741211 -42 11.600000381469727
v 23.90399932861328 -23.506999969482422 5.738999843597412
v 23.128000259399414 -41.569000244140625 5.798999786376953
v 23.36400032043457 -41.57099914550781 5.598999977111816
v 62.53900146484375 -24 11.800000190734863
v 62.40999984741211 -42 11.600000381469727
v 62.53900146484375 -42 11.800000190734863
v 24.111000061035156 -41.577999114990234 4.999000072479248
v 24.37700080871582 -41.58100128173828 4.798999786376953
v 24.652000427246094 -23.513999938964844 5.138999938964844
v 24.652000427246094 -23.513999938964844 5.138999938964844
v 24.395999908447266 -23.51099967956543 5.339000225067139
v 24.111000061035156 -41.577999114990234 4.999000072479248
v 62.14400100708008 -42 11.199999809265137
v 62.14400100708008 -24 11.199999809265137
v 62.005001068115234 -24 11
v 23.128000259399414 -41.569000244140625 5.798999786376953
v 23.90399932861328 -23.506999969482422 5.738999843597412
v 23.66900062561035 -23.506000518798828 5.939000129699707
v 23.128000259399414 -41.569000244140625 5.798999786376953
v 23.66900062561035 -23.506000518798828 5.939000129699707
v 23.440000534057617 -23.503999710083008 6.138999938964844
v 61.249000549316406 -24 10
v 61.249000549316406 -42 10
v 61.40800094604492 -24 10.199999809265137
v 16.7810001373291 -41.7130012512207 15.998000144958496
v 17.32200050354004 -23.649999618530273 16.136999130249023
v 17.274999618530273 -23.6560001373291 16.336999893188477
v 60.566001892089844 -24 9.199999809265137
v 60.566001892089844 -42 9.199999809265137
v 60.74399948120117 -24 9.399999618530273
v 17.274999618530273 -23.6560001373291 16.336999893188477
v 16.735000610351562 -41.71900177001953 16.197999954223633
v 16.7810001373291 -41.7130012512207 15.998000144958496
v 16.334999084472656 -41.06399917602539 -1.1431696735064723e-11
v 16.322999954223633 -41.82899856567383 19.39699935913086
v 16.316999435424805 -41.83700180053711 19.597000122070312
v 60.38399887084961 -42 9
v 60.38399887084961 -24 9
v 60.198001861572266 -42 8.800000190734863
v 17.172000885009766 -41.67399978637695 14.597999572753906
v 17.238000869750977 -41.66899871826172 14.39799976348877
v 17.71299934387207 -23.610000610351562 14.737000465393066
v 17.71299934387207 -23.610000610351562 14.737000465393066
v 17.108999252319336 -41.67900085449219 14.79800033569336
v 17.172000885009766 -41.67399978637695 14.597999572753906
v 60.566001892089844 -24 9.199999809265137
v 60.38399887084961 -24 9
v 60.566001892089844 -42 9.199999809265137
v 17.5310001373291 -23.625999450683594 15.336999893188477
v 17.474000930786133 -23.631999969482422 15.536999702453613
v 16.989999771118164 -41.689998626708984 15.197999954223633
v 16.933000564575195 -41.69599914550781 15.39799976348877
v 16.989999771118164 -41.689998626708984 15.197999954223633
v 17.474000930786133 -23.631999969482422 15.536999702453613
v 17.474000930786133 -23.631999969482422 15.536999702453613
v 17.42099952697754 -23.63800048828125 15.737000465393066
v 16.933000564575195 -41.69599914550781 15.39799976348877
v 16.82900047302246 -41.707000732421875 15.79800033569336
v 17.3700008392334 -23.643999099731445 15.937000274658203
v 17.32200050354004 -23.649999618530273 16.136999130249023
v 17.77899932861328 -23.604999542236328 14.536999702453613
v 17.238000869750977 -41.66899871826172 14.39799976348877
v 17.305999755859375 -41.66400146484375 14.197999954223633
v 17.58799934387207 -23.621000289916992 15.13700008392334
v 17.5310001373291 -23.625999450683594 15.336999893188477
v 17.047000885009766 -41.685001373291016 14.998000144958496
v 16.989999771118164 -41.689998626708984 15.197999954223633
v 17.047000885009766 -41.685001373291016 14.998000144958496
v 17.5310001373291 -23.625999450683594 15.336999893188477
v 17.951000213623047 -41.62699890136719 12.597999572753906
v 18.045000076293945 -41.62300109863281 12.39799976348877
v 18.492000579833984 -23.562999725341797 12.73799991607666
v 63.959999084472656 -24 14.600000381469727
v 63.880001068115234 -42 14.399999618530273
v 63.959999084472656 -42 14.600000381469727
v 64.03700256347656 -42 14.800000190734863
v 63.959999084472656 -24 14.600000381469727
v 63.959999084472656 -42 14.600000381469727
v 64.25 -24 15.399999618530273
v 64.18099975585938 -42 15.199999809265137
v 64.25 -42 15.399999618530273
v 64.31400299072266 -42 15.600000381469727
v 64.31400299072266 -24 15.600000381469727
v 64.25 -42 15.399999618530273
v 64.25 -24 15.399999618530273
v 64.25 -42 15.399999618530273
v 64.31400299072266 -24 15.600000381469727
v 64.31400299072266 -42 15.600000381469727
v 64.3759994506836 -42 15.800000190734863
v 64.31400299072266 -24 15.600000381469727
v 16.334999084472656 -41.06399917602539 -1.1431696735064723e-11
v 17.951000213623047 -41.62699890136719 12.597999572753906
v 17.861000061035156 -41.63100051879883 12.79800033569336
v 63.01300048828125 -24 12.600000381469727
v 62.900001525878906 -42 12.399999618530273
v 63.01300048828125 -42 12.600000381469727
v 63.12300109863281 -24 12.800000190734863
v 63.01300048828125 -42 12.600000381469727
v 63.12300109863281 -42 12.800000190734863
v 16.334999084472656 -41.06399917602539 -1.1431696735064723e-11
v 18.240999221801758 -41.6150016784668 11.998000144958496
v 18.141000747680664 -41.61899948120117 12.197999954223633
v 63.229000091552734 -42 13
v 63.12300109863281 -24 12.800000190734863
v 63.12300109863281 -42 12.800000190734863
v 63.527000427246094 -24 13.600000381469727
v 63.43199920654297 -42 13.399999618530273
v 63.527000427246094 -42 13.600000381469727
v 63.527000427246094 -24 13.600000381469727
v 63.527000427246094 -42 13.600000381469727
v 63.62099838256836 -42 13.800000190734863
v 62.6619987487793 -24 12
v 62.53900146484375 -42 11.800000190734863
v 62.6619987487793 -42 12
v 62.005001068115234 -24 11
v 61.861000061035156 -42 10.800000190734863
v 62.005001068115234 -42 11
v 62.14400100708008 -24 11.199999809265137
v 62.14400100708008 -42 11.199999809265137
v 62.279998779296875 -24 11.399999618530273
v 62.14400100708008 -42 11.199999809265137
v 62.005001068115234 -24 11
v 62.005001068115234 -42 11
v 62.78200149536133 -42 12.199999809265137
v 62.6619987487793 -24 12
v 62.6619987487793 -42 12
v 61.08399963378906 -24 9.800000190734863
v 60.91600036621094 -42 9.600000381469727
v 61.08399963378906 -42 9.800000190734863
v 61.249000549316406 -24 10
v 61.08399963378906 -24 9.800000190734863
v 61.08399963378906 -42 9.800000190734863
v 61.249000549316406 -24 10
v 61.08399963378906 -42 9.800000190734863
v 61.249000549316406 -42 10
v 61.40800094604492 -42 10.199999809265137
v 61.40800094604492 -24 10.199999809265137
v 61.249000549316406 -42 10
v 60.74399948120117 -24 9.399999618530273
v 60.566001892089844 -42 9.199999809265137
v 60.74399948120117 -42 9.399999618530273
v 60.91600036621094 -42 9.600000381469727
v 60.74399948120117 -24 9.399999618530273
v 60.74399948120117 -42 9.399999618530273
v 60.198001861572266 -24 8.800000190734863
v 60.00600051879883 -42 8.600000381469727
v 60.198001861572266 -42 8.800000190734863
v 60.198001861572266 -24 8.800000190734863
v 60.198001861572266 -42 8.800000190734863
v 60.38399887084961 -24 9
v 59.606998443603516 -42 8.199999809265137
v 59.808998107910156 -42 8.399999618530273
v 59.606998443603516 -24 8.199999809265137
v 59.1870002746582 -42 7.800000190734863
v 58.96900177001953 -24 7.599999904632568
v 58.96900177001953 -42 7.599999904632568
v 59.400001525878906 -24 8
v 59.1870002746582 -42 7.800000190734863
v 59.400001525878906 -42 8
v 59.400001525878906 -42 8
v 59.606998443603516 -42 8.199999809265137
v 59.400001525878906 -24 8
v 59.606998443603516 -24 8.199999809265137
v 59.400001525878906 -24 8
v 59.606998443603516 -42 8.199999809265137
v 57.529998779296875 -42 6.400000095367432
v 57.529998779296875 -24 6.400000095367432
v 57.26599884033203 -42 6.199999809265137
v 57.529998779296875 -42 6.400000095367432
v 57.7859992980957 -42 6.599999904632568
v 57.529998779296875 -24 6.400000095367432
v 57.7859992980957 -24 6.599999904632568
v 57.529998779296875 -24 6.400000095367432
v 57.7859992980957 -42 6.599999904632568
v 57.7859992980957 -42 6.599999904632568
v 58.03499984741211 -42 6.800000190734863
v 57.7859992980957 -24 6.599999904632568
v 58.03499984741211 -24 6.800000190734863
v 57.7859992980957 -24 6.599999904632568
v 58.03499984741211 -42 6.800000190734863
v 58.27899932861328 -42 7
v 58.03499984741211 -24 6.800000190734863
v 58.03499984741211 -42 6.800000190734863
v 58.513999938964844 -24 7.199999809265137
v 58.27899932861328 -42 7
v 58.513999938964844 -42 7.199999809265137
v 58.744998931884766 -24 7.400000095367432
v 58.513999938964844 -24 7.199999809265137
v 58.513999938964844 -42 7.199999809265137
v 58.744998931884766 -24 7.400000095367432
v 58.513999938964844 -42 7.199999809265137
v 58.744998931884766 -42 7.400000095367432
v 58.96900177001953 -42 7.599999904632568
v 58.96900177001953 -24 7.599999904632568
v 58.744998931884766 -24 7.400000095367432
v 58.96900177001953 -42 7.599999904632568
v 58.744998931884766 -24 7.400000095367432
v 58.744998931884766 -42 7.400000095367432
v 54.52199935913086 -24 4.400000095367432
v 54.16699981689453 -24 4.199999809265137
v 54.16699981689453 -42 4.199999809265137
v 55.196998596191406 -42 4.800000190734863
v 55.520999908447266 -42 5
v 55.196998596191406 -24 4.800000190734863
v 55.83300018310547 -42 5.199999809265137
v 55.83300018310547 -24 5.199999809265137
v 55.520999908447266 -42 5
v 55.520999908447266 -24 5
v 55.520999908447266 -42 5
v 55.83300018310547 -24 5.199999809265137
v 56.137001037597656 -24 5.400000095367432
v 55.83300018310547 -24 5.199999809265137
v 55.83300018310547 -42 5.199999809265137
v 56.430999755859375 -24 5.599999904632568
v 56.137001037597656 -24 5.400000095367432
v 56.430999755859375 -42 5.599999904632568
v 57.26599884033203 -24 6.199999809265137
v 56.99599838256836 -24 6
v 57.26599884033203 -42 6.199999809265137
v 57.529998779296875 -24 6.400000095367432
v 57.26599884033203 -24 6.199999809265137
v 57.26599884033203 -42 6.199999809265137
v 56.71799850463867 -42 5.800000190734863
v 56.430999755859375 -24 5.599999904632568
v 56.430999755859375 -42 5.599999904632568
v 49.766998291015625 -42 2.200000047683716
v 49.766998291015625 -24 2.200000047683716
v 49.20500183105469 -24 2
v 49.766998291015625 -42 2.200000047683716
v 50.29899978637695 -42 2.4000000953674316
v 49.766998291015625 -24 2.200000047683716
v 16.316999435424805 -41.83700180053711 19.597000122070312
v 16.312999725341797 -41.84400177001953 19.797000885009766
v 16.334999084472656 -41.06399917602539 -1.1431696735064723e-11
v 17.051000595092773 -23.694000244140625 17.53700065612793
v 17.082000732421875 -23.687000274658203 17.336999893188477
v 16.875999450683594 -23 0.14000000059604645
v 17.115999221801758 -23.680999755859375 17.136999130249023
v 17.152999877929688 -23.673999786376953 16.937000274658203
v 16.875999450683594 -23 0.14000000059604645
v 53.0260009765625 -24 3.5999999046325684
v 53.0260009765625 -42 3.5999999046325684
v 53.42100143432617 -24 3.799999952316284
v 17.115999221801758 -23.680999755859375 17.136999130249023
v 16.875999450683594 -23 0.14000000059604645
v 17.082000732421875 -23.687000274658203 17.336999893188477
v 17.051000595092773 -23.694000244140625 17.53700065612793
v 16.875999450683594 -23 0.14000000059604645
v 17.02199935913086 -23.700000762939453 17.73699951171875
v 16.875999450683594 -23 0.14000000059604645
v 16.334999084472656 -41.06399917602539 -1.1431696735064723e-11
v 16.85300064086914 -23.788000106811523 20.136999130249023
v 54.16699981689453 -24 4.199999809265137
v 53.79999923706055 -24 4
v 54.16699981689453 -42 4.199999809265137
v 54.52199935913086 -24 4.400000095367432
v 54.16699981689453 -42 4.199999809265137
v 54.52199935913086 -42 4.400000095367432
v 54.8650016784668 -42 4.599999904632568
v 54.52199935913086 -24 4.400000095367432
v 54.52199935913086 -42 4.400000095367432
v 55.196998596191406 -24 4.800000190734863
v 54.8650016784668 -42 4.599999904632568
v 55.196998596191406 -42 4.800000190734863
v 55.520999908447266 -24 5
v 55.196998596191406 -24 4.800000190734863
v 55.520999908447266 -42 5
v 56.137001037597656 -24 5.400000095367432
v 55.83300018310547 -42 5.199999809265137
v 56.137001037597656 -42 5.400000095367432
v 56.430999755859375 -42 5.599999904632568
v 56.137001037597656 -24 5.400000095367432
v 56.137001037597656 -42 5.400000095367432
v 57.26599884033203 -42 6.199999809265137
v 56.99599838256836 -24 6
v 56.99599838256836 -42 6
v 56.99599838256836 -24 6
v 56.71799850463867 -42 5.800000190734863
v 56.99599838256836 -42 6
v 49.20500183105469 -24 2
v 48.60900115966797 -42 1.7999999523162842
v 49.20500183105469 -42 2
v 49.20500183105469 -24 2
v 49.20500183105469 -42 2
v 49.766998291015625 -42 2.200000047683716
v 16.875999450683594 -23 0.14000000059604645
v 25.764999389648438 -23.527999877929688 4.339000225067139
v 26.06599998474121 -23.531999588012695 4.138999938964844
v 51.75 -24 3
v 51.28799819946289 -42 2.799999952316284
v 51.75 -42 3
v 52.19300079345703 -42 3.200000047683716
v 52.19300079345703 -24 3.200000047683716
v 51.75 -42 3
v 51.75 -24 3
v 51.75 -42 3
v 52.19300079345703 -24 3.200000047683716
v 52.19300079345703 -24 3.200000047683716
v 52.19300079345703 -42 3.200000047683716
v 52.617000579833984 -42 3.4000000953674316
v 53.0260009765625 -24 3.5999999046325684
v 52.617000579833984 -42 3.4000000953674316
v 53.0260009765625 -42 3.5999999046325684
v 53.42100143432617 -42 3.799999952316284
v 53.42100143432617 -24 3.799999952316284
v 53.0260009765625 -42 3.5999999046325684
v 53.79999923706055 -42 4
v 53.79999923706055 -24 4
v 53.42100143432617 -42 3.799999952316284
v 53.42100143432617 -24 3.799999952316284
v 53.42100143432617 -42 3.799999952316284
v 53.79999923706055 -24 4
v 53.79999923706055 -42 4
v 54.16699981689453 -42 4.199999809265137
v 53.79999923706055 -24 4
v 36.07899856567383 -41.875999450683594 0.20000000298023224
v 38.27459716796875 -41.95997619628906 0.0645529106259346
v 36.619998931884766 -23.812000274658203 0.3400000035762787
v 38.27459716796875 -41.95997619628906 0.0645529106259346
v 36.07899856567383 -41.875999450683594 0.20000000298023224
v 37 -41.905487060546875 -5.159899721546583e-17
v 16.7810001373291 -41.7130012512207 15.998000144958496
v 16.334999084472656 -41.06399917602539 -1.1431696735064723e-11
v 16.82900047302246 -41.707000732421875 15.79800033569336
v 43.80699920654297 -24 0.6000000238418579
v 42.571998596191406 -24 0.4000000059604645
v 42.571998596191406 -42 0.4000000059604645
v 43.80699920654297 -24 0.6000000238418579
v 42.571998596191406 -42 0.4000000059604645
v 43.80699920654297 -42 0.6000000238418579
v 44.84000015258789 -24 0.800000011920929
v 43.80699920654297 -24 0.6000000238418579
v 43.80699920654297 -42 0.6000000238418579
v 44.84000015258789 -24 0.800000011920929
v 43.80699920654297 -42 0.6000000238418579
v 44.84000015258789 -42 0.800000011920929
v 16.334999084472656 -41.06399917602539 -1.1431696735064723e-11
v 16.575000762939453 -41.74399948120117 16.996999740600586
v 16.541000366210938 -41.750999450683594 17.19700050354004
v 45.74300003051758 -24 1
v 44.84000015258789 -24 0.800000011920929
v 44.84000015258789 -42 0.800000011920929
v 45.74300003051758 -24 1
v 44.84000015258789 -42 0.800000011920929
v 45.74300003051758 -42 1
v 46.551998138427734 -24 1.2000000476837158
v 45.74300003051758 -24 1
v 45.74300003051758 -42 1
v 46.551998138427734 -24 1.2000000476837158
v 45.74300003051758 -42 1
v 46.551998138427734 -42 1.2000000476837158
v 47.29100036621094 -24 1.399999976158142
v 46.551998138427734 -24 1.2000000476837158
v 46.551998138427734 -42 1.2000000476837158
v 47.29100036621094 -24 1.399999976158142
v 46.551998138427734 -42 1.2000000476837158
v 47.29100036621094 -42 1.399999976158142
v 47.972999572753906 -24 1.600000023841858
v 47.29100036621094 -24 1.399999976158142
v 47.29100036621094 -42 1.399999976158142
v 47.972999572753906 -24 1.600000023841858
v 47.29100036621094 -42 1.399999976158142
v 47.972999572753906 -42 1.600000023841858
v 48.60900115966797 -24 1.7999999523162842
v 47.972999572753906 -24 1.600000023841858
v 47.972999572753906 -42 1.600000023841858
v 48.60900115966797 -24 1.7999999523162842
v 47.972999572753906 -42 1.600000023841858
v 48.60900115966797 -42 1.7999999523162842
v 48.60900115966797 -24 1.7999999523162842
v 48.60900115966797 -42 1.7999999523162842
v 49.20500183105469 -24 2
v 37 -42 0
v 40.94900131225586 -42 0.20000000298023224
v 38.27459716796875 -41.95997619628906 0.0645529106259346
v 39.81232833862305 -24 0.14243245124816895
v 38.27459716796875 -41.95997619628906 0.0645529106259346
v 40.94900131225586 -42 0.20000000298023224
v 39.81232833862305 -24 0.14243245124816895
v 40.94900131225586 -42 0.20000000298023224
v 40.94900131225586 -24 0.20000000298023224
v 16.322999954223633 -41.82899856567383 19.39699935913086
v 16.334999084472656 -41.06399917602539 -1.1431696735064723e-11
v 16.33099937438965 -41.82099914550781 19.19700050354004
v 37 -24 0
v 37 -41.905487060546875 -5.159899721546583e-17
v 39.75384521484375 -24 0.13947050273418427
v 38.27459716796875 -41.95997619628906 0.0645529106259346
v 37 -41.905487060546875 -5.159899721546583e-17
v 37 -42 0
v 40.94900131225586 -24 0.20000000298023224
v 40.94900131225586 -42 0.20000000298023224
v 42.571998596191406 -42 0.4000000059604645
v 40.94900131225586 -24 0.20000000298023224
v 42.571998596191406 -42 0.4000000059604645
v 42.571998596191406 -24 0.4000000059604645
v 17.047000885009766 -41.685001373291016 14.998000144958496
v 16.334999084472656 -41.06399917602539 -1.1431696735064723e-11
v 17.108999252319336 -41.67900085449219 14.79800033569336
v 16.334999084472656 -41.06399917602539 -1.1431696735064723e-11
v 16.933000564575195 -41.69599914550781 15.39799976348877
v 16.8799991607666 -41.70199966430664 15.597999572753906
v 17.047000885009766 -41.685001373291016 14.998000144958496
v 16.989999771118164 -41.689998626708984 15.197999954223633
v 16.334999084472656 -41.06399917602539 -1.1431696735064723e-11
v 16.933000564575195 -41.69599914550781 15.39799976348877
v 16.334999084472656 -41.06399917602539 -1.1431696735064723e-11
v 16.989999771118164 -41.689998626708984 15.197999954223633
v 16.334999084472656 -41.06399917602539 -1.1431696735064723e-11
v 17.68899917602539 -41.63999938964844 13.197999954223633
v 17.60700035095215 -41.64400100708008 13.39799976348877
v 16.334999084472656 -41.06399917602539 -1.1431696735064723e-11
v 18.045000076293945 -41.62300109863281 12.39799976348877
v 17.951000213623047 -41.62699890136719 12.597999572753906
v 18.141000747680664 -41.61899948120117 12.197999954223633
v 18.045000076293945 -41.62300109863281 12.39799976348877
v 16.334999084472656 -41.06399917602539 -1.1431696735064723e-11
v 17.68899917602539 -41.63999938964844 13.197999954223633
v 16.334999084472656 -41.06399917602539 -1.1431696735064723e-11
v 17.77400016784668 -41.6349983215332 12.998000144958496
v 16.510000228881836 -41.757999420166016 17.39699935913086
v 16.481000900268555 -41.763999938964844 17.597000122070312
v 16.334999084472656 -41.06399917602539 -1.1431696735064723e-11
v 16.575000762939453 -41.74399948120117 16.996999740600586
v 16.334999084472656 -41.06399917602539 -1.1431696735064723e-11
v 16.61199951171875 -41.737998962402344 16.797000885009766
v 16.334999084472656 -41.06399917602539 -1.1431696735064723e-11
v 16.649999618530273 -41.731998443603516 16.597000122070312
v 16.61199951171875 -41.737998962402344 16.797000885009766
v 16.334999084472656 -41.06399917602539 -1.1431696735064723e-11
v 16.691999435424805 -41.72600173950195 16.398000717163086
v 16.649999618530273 -41.731998443603516 16.597000122070312
v 16.7810001373291 -41.7130012512207 15.998000144958496
v 16.735000610351562 -41.71900177001953 16.197999954223633
v 16.334999084472656 -41.06399917602539 -1.1431696735064723e-11
v 16.510000228881836 -41.757999420166016 17.39699935913086
v 16.334999084472656 -41.06399917602539 -1.1431696735064723e-11
v 16.541000366210938 -41.750999450683594 17.19700050354004
v 16.875999450683594 -23 0.14000000059604645
v 26.06599998474121 -23.531999588012695 4.138999938964844
v 26.378000259399414 -23.53700065612793 3.938999891281128
v 16.875999450683594 -23 0.14000000059604645
v 25.472000122070312 -23.52400016784668 4.539000034332275
v 25.764999389648438 -23.527999877929688 4.339000225067139
v 16.875999450683594 -23 0.14000000059604645
v 25.19099998474121 -23.520000457763672 4.738999843597412
v 25.472000122070312 -23.52400016784668 4.539000034332275
v 17.77899932861328 -23.604999542236328 14.536999702453613
v 16.875999450683594 -23 0.14000000059604645
v 17.71299934387207 -23.610000610351562 14.737000465393066
v 18.98900032043457 -23.54400062561035 11.73799991607666
v 16.875999450683594 -23 0.14000000059604645
v 18.882999420166016 -23.547000885009766 11.937999725341797
v 16.875999450683594 -23 0.14000000059604645
v 17.58799934387207 -23.621000289916992 15.13700008392334
v 17.64900016784668 -23.615999221801758 14.937000274658203
v 17.64900016784668 -23.615999221801758 14.937000274658203
v 17.71299934387207 -23.610000610351562 14.737000465393066
v 16.875999450683594 -23 0.14000000059604645
v 17.77899932861328 -23.604999542236328 14.536999702453613
v 17.847000122070312 -23.600000381469727 14.336999893188477
v 16.875999450683594 -23 0.14000000059604645
vn 0.19306108084404824 -0.013386447725957687 0.9810954194575613
vn 0.19306108084404824 -0.013386447725957687 0.9810954194575613
vn 0.19306108084404824 -0.013386447725957687 0.9810954194575613
vn 0.1930738072547221 -0.013386068734470905 0.9810929202251959
vn 0.1930738072547221 -0.013386068734470905 0.9810929202251959
vn 0.1930738072547221 -0.013386068734470905 0.9810929202251959
vn 0.22776766190866915 -0.014367119452970135 0.973609510053842
vn 0.22776766190866915 -0.014367119452970135 0.973609510053842
vn 0.22776766190866915 -0.014367119452970135 0.973609510053842
vn 0.22883912793488123 -0.014344173403653298 0.9733585661077674
vn 0.22883912793488123 -0.014344173403653298 0.9733585661077674
vn 0.22883912793488123 -0.014344173403653298 0.9733585661077674
vn 0.14805728205480817 -0.012099078863259123 0.9889047747489156
vn 0.14805728205480817 -0.012099078863259123 0.9889047747489156
vn 0.14805728205480817 -0.012099078863259123 0.9889047747489156
vn 0.9298430432124931 -0.030691438463654838 0.36667417497604227
vn 0.9298430432124931 -0.030691438463654838 0.36667417497604227
vn 0.9298430432124931 -0.030691438463654838 0.36667417497604227
vn 0.933042072929521 -0.030721834504045326 0.3584531476052182
vn 0.933042072929521 -0.030721834504045326 0.3584531476052182
vn 0.933042072929521 -0.030721834504045326 0.3584531476052182
vn 0.14806617576767206 -0.01209866516970367 0.988903448216583
vn 0.14805728205480817 -0.012099078863259123 0.9889047747489156
vn 0.14805728205480817 -0.012099078863259123 0.9889047747489156
vn 0.9721328350377507 -0.03090435368271961 0.23238474985445792
vn 0.9721328350377507 -0.03090435368271961 0.23238474985445792
vn 0.9721328350377507 -0.03090435368271961 0.23238474985445792
vn 0.7768255883084695 -0.028107506484444336 0.6290882079871049
vn 0.7768255883084695 -0.028107506484444336 0.6290882079871049
vn 0.7768255883084695 -0.028107506484444336 0.6290882079871049
vn 0.8723069067059922 -0.029907225139305143 0.48804325463783466
vn 0.8723069067059922 -0.029907225139305143 0.48804325463783466
vn 0.8723069067059922 -0.029907225139305143 0.48804325463783466
vn 0.8815935970696174 -0.030053662547163257 0.47105149078774194
vn 0.8815935970696174 -0.030053662547163257 0.47105149078774194
vn 0.8815935970696174 -0.030053662547163257 0.47105149078774194
vn -0.022659596392193577 -0.9989493041542021 -0.03983504011769096
vn -0.022659596392193577 -0.9989493041542021 -0.03983504011769096
vn -0.022659596392193577 -0.9989493041542021 -0.03983504011769096
vn 0.2601102947462544 -0.01521997840136655 0.9654589513927966
vn 0.2601102947462544 -0.01521997840136655 0.9654589513927966
vn 0.2601102947462544 -0.01521997840136655 0.9654589513927966
vn -0.0372646750877148 -0.9985276108255277 -0.039420228432500426
vn -0.0372646750877148 -0.9985276108255277 -0.039420228432500426
vn -0.0372646750877148 -0.9985276108255277 -0.039420228432500426
vn 0.9946779868900215 -0.03055229124283069 0.09839847507063984
vn 0.9946779868900215 -0.03055229124283069 0.09839847507063984
vn 0.9946779868900215 -0.03055229124283069 0.09839847507063984
vn -0.032187509501037104 -0.9987025614719035 -0.0394608406091328
vn -0.032187509501037104 -0.9987025614719035 -0.0394608406091328
vn -0.032187509501037104 -0.9987025614719035 -0.0394608406091328
vn 0.3774459332389247 -0.0184284298164863 0.9258482383500528
vn 0.3774459332389247 -0.0184284298164863 0.9258482383500528
vn 0.3774459332389247 -0.0184284298164863 0.9258482383500528
vn -0.08058515323835122 -0.9959730073974624 -0.039291240922194715
vn -0.08058515323835122 -0.9959730073974624 -0.039291240922194715
vn -0.08058515323835122 -0.9959730073974624 -0.039291240922194715
vn -0.05867703565823833 -0.9975026138202396 -0.03931336805911564
vn -0.05867703565823833 -0.9975026138202396 -0.03931336805911564
vn -0.05867703565823833 -0.9975026138202396 -0.03931336805911564
vn -0.051942766380578584 -0.9978748688250936 -0.03934075733936682
vn -0.051942766380578584 -0.9978748688250936 -0.03934075733936682
vn -0.051942766380578584 -0.9978748688250936 -0.03934075733936682
vn -0.04438168561786103 -0.9982383265333187 -0.03937650850033613
vn -0.04438168561786103 -0.9982383265333187 -0.03937650850033613
vn -0.04438168561786103 -0.9982383265333187 -0.03937650850033613
vn -0.04049374508352967 -0.9984027353512233 -0.03939840926110285
vn -0.04049374508352967 -0.9984027353512233 -0.03939840926110285
vn -0.04049374508352967 -0.9984027353512233 -0.03939840926110285
vn 0.9494061626441692 -0.03083873032174773 0.31253305592435493
vn 0.9494061626441692 -0.03083873032174773 0.31253305592435493
vn 0.9494061626441692 -0.03083873032174773 0.31253305592435493
vn 0.007949715275381856 -0.9991898875284629 -0.039450864222442886
vn 0.007949715275381856 -0.9991898875284629 -0.039450864222442886
vn 0.007949715275381856 -0.9991898875284629 -0.039450864222442886
vn 0.15239608510739128 -0.9875599290351399 -0.03874041569278734
vn 0.15239608510739128 -0.9875599290351399 -0.03874041569278734
vn 0.15239608510739128 -0.9875599290351399 -0.03874041569278734
vn -0.054724338949465684 -0.9977435388257964 -0.03889829633699541
vn -0.054724338949465684 -0.9977435388257964 -0.03889829633699541
vn -0.054724338949465684 -0.9977435388257964 -0.03889829633699541
vn -0.04500408088375784 -0.9982200839404639 -0.03913178658969339
vn -0.04500408088375784 -0.9982200839404639 -0.03913178658969339
vn -0.04500408088375784 -0.9982200839404639 -0.03913178658969339
vn -0.04326441051336425 -0.9982929623545576 -0.03923457781464064
vn -0.04326441051336425 -0.9982929623545576 -0.03923457781464064
vn -0.04326441051336425 -0.9982929623545576 -0.03923457781464064
vn -0.04219192184334983 -0.9983361479701235 -0.039303656157416655
vn -0.04219192184334983 -0.9983361479701235 -0.039303656157416655
vn -0.04219192184334983 -0.9983361479701235 -0.039303656157416655
vn 0.9298954155952277 -0.030690280993165685 0.3665414338209795
vn 0.9298954155952277 -0.030690280993165685 0.3665414338209795
vn 0.9298954155952277 -0.030690280993165685 0.3665414338209795
vn 0.933042072929521 -0.030721834504045326 0.3584531476052182
vn 0.933042072929521 -0.030721834504045326 0.3584531476052182
vn 0.933042072929521 -0.030721834504045326 0.3584531476052182
vn -0.04471977756385611 -0.9982506535155218 -0.038675240793989485
vn -0.04471977756385611 -0.9982506535155218 -0.038675240793989485
vn -0.04471977756385611 -0.9982506535155218 -0.038675240793989485
vn -0.04282415638905394 -0.9983228399990365 -0.03895637002884414
vn -0.04282415638905394 -0.9983228399990365 -0.03895637002884414
vn -0.04282415638905394 -0.9983228399990365 -0.03895637002884414
vn -0.039144228907653456 -0.9984393059564086 -0.039833172915422876
vn -0.039144228907653456 -0.9984393059564086 -0.039833172915422876
vn -0.039144228907653456 -0.9984393059564086 -0.039833172915422876
vn -0.038314886671770416 -0.9984618719799476 -0.040073178831082384
vn -0.038314886671770416 -0.9984618719799476 -0.040073178831082384
vn -0.038314886671770416 -0.9984618719799476 -0.040073178831082384
vn -0.041123936818458905 -0.998383259411276 -0.03923887291791147
vn -0.041123936818458905 -0.998383259411276 -0.03923887291791147
vn -0.041123936818458905 -0.998383259411276 -0.03923887291791147
vn -0.045149244411528615 -0.998249591357611 -0.03820077333550537
vn -0.045149244411528615 -0.998249591357611 -0.03820077333550537
vn -0.045149244411528615 -0.998249591357611 -0.03820077333550537
vn -0.040392648339160724 -0.9984062291906928 -0.039413645776184884
vn -0.040392648339160724 -0.9984062291906928 -0.039413645776184884
vn -0.040392648339160724 -0.9984062291906928 -0.039413645776184884
vn -0.035867777093503306 -0.9985389812976195 -0.040415410371327974
vn -0.035867777093503306 -0.9985389812976195 -0.040415410371327974
vn -0.035867777093503306 -0.9985389812976195 -0.040415410371327974
vn -0.03745775615223856 -0.9984969351210401 -0.040009837014522646
vn -0.03745775615223856 -0.9984969351210401 -0.040009837014522646
vn -0.03745775615223856 -0.9984969351210401 -0.040009837014522646
vn -0.041380677280593 -0.9983758601545613 -0.03915713738821516
vn -0.041380677280593 -0.9983758601545613 -0.03915713738821516
vn -0.041380677280593 -0.9983758601545613 -0.03915713738821516
vn -0.04191247632388457 -0.9983769383769207 -0.03855947672785772
vn -0.04191247632388457 -0.9983769383769207 -0.03855947672785772
vn -0.04191247632388457 -0.9983769383769207 -0.03855947672785772
vn -0.038110546516478126 -0.9984239490147659 -0.04119713919649834
vn -0.038110546516478126 -0.9984239490147659 -0.04119713919649834
vn -0.038110546516478126 -0.9984239490147659 -0.04119713919649834
vn -0.03945112909460584 -0.9984029369534637 -0.04043740713570647
vn -0.03945112909460584 -0.9984029369534637 -0.04043740713570647
vn -0.03945112909460584 -0.9984029369534637 -0.04043740713570647
vn -0.04150877462524021 -0.9983925380107894 -0.03859224887830912
vn -0.04150877462524021 -0.9983925380107894 -0.03859224887830912
vn -0.04150877462524021 -0.9983925380107894 -0.03859224887830912
vn -0.0407974858982055 -0.9983952992060569 -0.03927329458593562
vn -0.0407974858982055 -0.9983952992060569 -0.03927329458593562
vn -0.0407974858982055 -0.9983952992060569 -0.03927329458593562
vn -0.04122159891990873 -0.9984019130816092 -0.038657466775112365
vn -0.04122159891990873 -0.9984019130816092 -0.038657466775112365
vn -0.04122159891990873 -0.9984019130816092 -0.038657466775112365
vn 0.9376679651245067 -0.03076516275579843 0.3461680111446987
vn 0.9376679651245067 -0.03076516275579843 0.3461680111446987
vn 0.9376679651245067 -0.03076516275579843 0.3461680111446987
vn -0.040802612942737584 -0.9983986310918135 -0.039183162340960004
vn -0.040802612942737584 -0.9983986310918135 -0.039183162340960004
vn -0.040802612942737584 -0.9983986310918135 -0.039183162340960004
vn -0.040095109615067986 -0.9983894855491717 -0.04013498884783489
vn -0.040095109615067986 -0.9983894855491717 -0.04013498884783489
vn -0.040095109615067986 -0.9983894855491717 -0.04013498884783489
vn 0.5392697946398219 -0.022674979208325317 0.8418277341042086
vn 0.5392697946398219 -0.022674979208325317 0.8418277341042086
vn 0.5392697946398219 -0.022674979208325317 0.8418277341042086
vn -0.04148578288949598 -0.9984114212623291 -0.03812563063060831
vn -0.04148578288949598 -0.9984114212623291 -0.03812563063060831
vn -0.04148578288949598 -0.9984114212623291 -0.03812563063060831
vn -0.04068015395224624 -0.9983941020671544 -0.03942514466608731
vn -0.04068015395224624 -0.9983941020671544 -0.03942514466608731
vn -0.04068015395224624 -0.9983941020671544 -0.03942514466608731
vn -0.04128561184749 -0.9984151759306568 -0.03824440777073745
vn -0.04128561184749 -0.9984151759306568 -0.03824440777073745
vn -0.04128561184749 -0.9984151759306568 -0.03824440777073745
vn -0.04089649047109481 -0.9984082641826869 -0.03883831972243364
vn -0.04089649047109481 -0.9984082641826869 -0.03883831972243364
vn -0.04089649047109481 -0.9984082641826869 -0.03883831972243364
vn -0.04029967920655066 -0.9983735463205625 -0.04032614366825473
vn -0.04029967920655066 -0.9983735463205625 -0.04032614366825473
vn -0.04029967920655066 -0.9983735463205625 -0.04032614366825473
vn -0.040173835120945606 -0.9983718163750266 -0.040494187727443835
vn -0.040173835120945606 -0.9983718163750266 -0.040494187727443835
vn -0.040173835120945606 -0.9983718163750266 -0.040494187727443835
vn -0.040296640793346244 -0.9983856217298397 -0.040029127693387435
vn -0.040296640793346244 -0.9983856217298397 -0.040029127693387435
vn -0.040296640793346244 -0.9983856217298397 -0.040029127693387435
vn -0.03968901850275149 -0.998392918949102 -0.040451961665410756
vn -0.03968901850275149 -0.998392918949102 -0.040451961665410756
vn -0.03968901850275149 -0.998392918949102 -0.040451961665410756
vn -0.04031933379758844 -0.9983953606258984 -0.03976248486703364
vn -0.04031933379758844 -0.9983953606258984 -0.03976248486703364
vn -0.04031933379758844 -0.9983953606258984 -0.03976248486703364
vn -0.03923511192589484 -0.998416856296188 -0.04030368538731533
vn -0.03923511192589484 -0.998416856296188 -0.04030368538731533
vn -0.03923511192589484 -0.998416856296188 -0.04030368538731533
vn -0.03793324926128501 -0.9984506641975516 -0.04071043802207578
vn -0.03793324926128501 -0.9984506641975516 -0.04071043802207578
vn -0.03793324926128501 -0.9984506641975516 -0.04071043802207578
vn -0.04088490800137406 -0.9984127808973315 -0.038734264399574246
vn -0.04088490800137406 -0.9984127808973315 -0.038734264399574246
vn -0.04088490800137406 -0.9984127808973315 -0.038734264399574246
vn -0.041061457467920975 -0.9984385425038068 -0.03787391653214701
vn -0.041061457467920975 -0.9984385425038068 -0.03787391653214701
vn -0.041061457467920975 -0.9984385425038068 -0.03787391653214701
vn -0.04061926856812914 -0.9983912277327652 -0.03956047784408207
vn -0.04061926856812914 -0.9983912277327652 -0.03956047784408207
vn -0.04061926856812914 -0.9983912277327652 -0.03956047784408207
vn -0.04044303985810221 -0.9983669974158859 -0.04034475180025879
vn -0.04044303985810221 -0.9983669974158859 -0.04034475180025879
vn -0.04044303985810221 -0.9983669974158859 -0.04034475180025879
vn 0.9987923364567246 -0.030213169335032316 0.03874316757893735
vn 0.9987923364567246 -0.030213169335032316 0.03874316757893735
vn 0.9987923364567246 -0.030213169335032316 0.03874316757893735
vn 0.9987923364567246 -0.030213169335032316 0.03874316757893735
vn 0.9987923364567246 -0.030213169335032316 0.03874316757893735
vn 0.9987923364567246 -0.030213169335032316 0.03874316757893735
vn 0.9991314298400727 -0.03014601546775643 0.028768101382422265
vn 0.9991314298400727 -0.03014601546775643 0.028768101382422265
vn 0.9991314298400727 -0.03014601546775643 0.028768101382422265
vn 0.9991314298400727 -0.03014601546775643 0.028768101382422265
vn 0.9991314298400727 -0.03014601546775643 0.028768101382422265
vn 0.9991314298400727 -0.03014601546775643 0.028768101382422265
vn 0.5530635734176851 -0.02301828757654412 0.832821014501618
vn 0.5530635734176851 -0.02301828757654412 0.832821014501618
vn 0.5530635734176851 -0.02301828757654412 0.832821014501618
vn 0.9960335193448184 -0.030478167400819677 0.08359611027710924
vn 0.9960335193448184 -0.030478167400819677 0.08359611027710924
vn 0.9960335193448184 -0.030478167400819677 0.08359611027710924
vn 0.5794806996978489 -0.023636493507698857 0.814643133434728
vn 0.5794806996978489 -0.023636493507698857 0.814643133434728
vn 0.5794806996978489 -0.023636493507698857 0.814643133434728
vn 0.5781140874760945 -0.023635165566620337 0.8156135609529315
vn 0.5781140874760945 -0.023635165566620337 0.8156135609529315
vn 0.5781140874760945 -0.023635165566620337 0.8156135609529315
vn 0.5906387099374728 -0.023940260109164096 0.8065809186122019
vn 0.5906387099374728 -0.023940260109164096 0.8065809186122019
vn 0.5906387099374728 -0.023940260109164096 0.8065809186122019
vn 0.9993682296844716 -0.030076896149238027 0.018934672306456773
vn 0.9993682296844716 -0.030076896149238027 0.018934672306456773
vn 0.9993682296844716 -0.030076896149238027 0.018934672306456773
vn 0.9995437331272695 -0.02996484970475515 0.003799124658819692
vn 0.9995437331272695 -0.02996484970475515 0.003799124658819692
vn 0.9995437331272695 -0.02996484970475515 0.003799124658819692
vn 0.28755286497866295 -0.015980784146320075 0.9576314345198949
vn 0.28755286497866295 -0.015980784146320075 0.9576314345198949
vn 0.28755286497866295 -0.015980784146320075 0.9576314345198949
vn 0.28755286497866295 -0.015980784146320075 0.9576314345198949
vn 0.28755286497866295 -0.015980784146320075 0.9576314345198949
vn 0.28755286497866295 -0.015980784146320075 0.9576314345198949
vn 0.31247543840268494 -0.016666771604880184 0.9497796160790778
vn 0.31247543840268494 -0.016666771604880184 0.9497796160790778
vn 0.31247543840268494 -0.016666771604880184 0.9497796160790778
vn -0.04032177154076846 -0.9983692289352094 -0.040410858134038115
vn -0.04032177154076846 -0.9983692289352094 -0.040410858134038115
vn -0.04032177154076846 -0.9983692289352094 -0.040410858134038115
vn -0.04070876878994011 -0.9984039267478628 -0.03914581967535345
vn -0.04070876878994011 -0.9984039267478628 -0.03914581967535345
vn -0.04070876878994011 -0.9984039267478628 -0.03914581967535345
vn -0.04072070181901788 -0.998407021008286 -0.03905438316919784
vn -0.04072070181901788 -0.998407021008286 -0.03905438316919784
vn -0.04072070181901788 -0.998407021008286 -0.03905438316919784
vn 0.9117257818107157 -0.03048035018207463 0.4096669952954683
vn 0.9117257818107157 -0.03048035018207463 0.4096669952954683
vn 0.9117257818107157 -0.03048035018207463 0.4096669952954683
vn 0.3975458459206743 -0.01896529093587107 0.9173862971131262
vn 0.3975458459206743 -0.01896529093587107 0.9173862971131262
vn 0.3975458459206743 -0.01896529093587107 0.9173862971131262
vn -0.040734011302307846 -0.9984094090955714 -0.0389793811220132
vn -0.040734011302307846 -0.9984094090955714 -0.0389793811220132
vn -0.040734011302307846 -0.9984094090955714 -0.0389793811220132
vn -0.04063075067866715 -0.9983875234218206 -0.03964208842797755
vn -0.04063075067866715 -0.9983875234218206 -0.03964208842797755
vn -0.04063075067866715 -0.9983875234218206 -0.03964208842797755
vn 0.9168483835546013 -0.030543853086418948 0.3980654652339862
vn 0.9168483835546013 -0.030543853086418948 0.3980654652339862
vn 0.9168483835546013 -0.030543853086418948 0.3980654652339862
vn -0.04047954007984894 -0.9983486945461585 -0.040758936847091184
vn -0.04047954007984894 -0.9983486945461585 -0.040758936847091184
vn -0.04047954007984894 -0.9983486945461585 -0.040758936847091184
vn 0.9925369572740471 -0.03064033374402365 0.11803202274480999
vn 0.9925369572740471 -0.03064033374402365 0.11803202274480999
vn 0.9925369572740471 -0.03064033374402365 0.11803202274480999
vn -0.04071283631582107 -0.9984212318114543 -0.03869765919561093
vn -0.04071283631582107 -0.9984212318114543 -0.03869765919561093
vn -0.04071283631582107 -0.9984212318114543 -0.03869765919561093
vn 0.4811287568619762 -0.021153096313205864 0.8763946975175131
vn 0.4811287568619762 -0.021153096313205864 0.8763946975175131
vn 0.4811287568619762 -0.021153096313205864 0.8763946975175131
vn 0.4978880616914928 -0.02158251905609297 0.866972705969618
vn 0.4978880616914928 -0.02158251905609297 0.866972705969618
vn 0.4978880616914928 -0.02158251905609297 0.866972705969618
vn -0.04069647885223471 -0.9985087066429292 -0.03638900063610343
vn -0.04069647885223471 -0.9985087066429292 -0.03638900063610343
vn -0.04069647885223471 -0.9985087066429292 -0.03638900063610343
vn -0.04065413744144972 -0.9983717728178452 -0.040013052238547064
vn -0.04065413744144972 -0.9983717728178452 -0.040013052238547064
vn -0.04065413744144972 -0.9983717728178452 -0.040013052238547064
vn -0.04058777131646662 -0.9983321613702185 -0.04105518716837205
vn -0.04058777131646662 -0.9983321613702185 -0.04105518716837205
vn -0.04058777131646662 -0.9983321613702185 -0.04105518716837205
vn -0.04059641468903941 -0.9983691058649276 -0.040138006538198226
vn -0.04059641468903941 -0.9983691058649276 -0.040138006538198226
vn -0.04059641468903941 -0.9983691058649276 -0.040138006538198226
vn 0.26012944956849604 -0.015219669661340297 0.9654537954364211
vn 0.26012944956849604 -0.015219669661340297 0.9654537954364211
vn 0.26012944956849604 -0.015219669661340297 0.9654537954364211
vn -0.040698893395574996 -0.9984495050459539 -0.037976123418084325
vn -0.040698893395574996 -0.9984495050459539 -0.037976123418084325
vn -0.040698893395574996 -0.9984495050459539 -0.037976123418084325
vn 0.31247543840268494 -0.016666771604880184 0.9497796160790778
vn 0.31247543840268494 -0.016666771604880184 0.9497796160790778
vn 0.31247543840268494 -0.016666771604880184 0.9497796160790778
vn -0.040572736519106985 -0.9983553316651905 -0.040502898501697845
vn -0.040572736519106985 -0.9983553316651905 -0.040502898501697845
vn -0.040572736519106985 -0.9983553316651905 -0.040502898501697845
vn 0.3358748885216131 -0.01730575987798079 0.9417476147756573
vn 0.3358748885216131 -0.01730575987798079 0.9417476147756573
vn 0.3358748885216131 -0.01730575987798079 0.9417476147756573
vn -0.040680761350599504 -0.9984097824090465 -0.039025402571348365
vn -0.040680761350599504 -0.9984097824090465 -0.039025402571348365
vn -0.040680761350599504 -0.9984097824090465 -0.039025402571348365
vn -0.04044169588640479 -0.9984005760142209 -0.03950644312391835
vn -0.04044169588640479 -0.9984005760142209 -0.03950644312391835
vn -0.04044169588640479 -0.9984005760142209 -0.03950644312391835
vn 0.43285894470976755 -0.019898656791108617 0.9012420193503274
vn 0.43285894470976755 -0.019898656791108617 0.9012420193503274
vn 0.43285894470976755 -0.019898656791108617 0.9012420193503274
vn -0.0410989921294248 -0.9983895739616415 -0.03910411040590824
vn -0.0410989921294248 -0.9983895739616415 -0.03910411040590824
vn -0.0410989921294248 -0.9983895739616415 -0.03910411040590824
vn 0.4662643069581401 -0.020769530883183968 0.8844016184085927
vn 0.4662643069581401 -0.020769530883183968 0.8844016184085927
vn 0.4662643069581401 -0.020769530883183968 0.8844016184085927
vn -0.040507617953829636 -0.9984011829341637 -0.039423480355862225
vn -0.040507617953829636 -0.9984011829341637 -0.039423480355862225
vn -0.040507617953829636 -0.9984011829341637 -0.039423480355862225
vn 0.4811287568619762 -0.021153096313205864 0.8763946975175131
vn 0.4811287568619762 -0.021153096313205864 0.8763946975175131
vn 0.4811287568619762 -0.021153096313205864 0.8763946975175131
vn 0.5530635734176851 -0.02301828757654412 0.832821014501618
vn 0.5530635734176851 -0.02301828757654412 0.832821014501618
vn 0.5530635734176851 -0.02301828757654412 0.832821014501618
vn -0.04325233754861445 -0.9983470995481809 -0.037845793958053785
vn -0.04325233754861445 -0.9983470995481809 -0.037845793958053785
vn -0.04325233754861445 -0.9983470995481809 -0.037845793958053785
vn -0.04070433898880662 -0.9983988497719286 -0.039279683827316836
vn -0.04070433898880662 -0.9983988497719286 -0.039279683827316836
vn -0.04070433898880662 -0.9983988497719286 -0.039279683827316836
vn -0.04269935589597198 -0.9983761372282469 -0.03770747431576106
vn -0.04269935589597198 -0.9983761372282469 -0.03770747431576106
vn -0.04269935589597198 -0.9983761372282469 -0.03770747431576106
vn -0.03973566631049454 -0.998417826744867 -0.03978592792581377
vn -0.03973566631049454 -0.998417826744867 -0.03978592792581377
vn -0.03973566631049454 -0.998417826744867 -0.03978592792581377
vn -0.04247302101050145 -0.9983537901765982 -0.03854545532566174
vn -0.04247302101050145 -0.9983537901765982 -0.03854545532566174
vn -0.04247302101050145 -0.9983537901765982 -0.03854545532566174
vn 0.9980897987797783 -0.030309087026924534 0.05383412315005906
vn 0.9980897987797783 -0.030309087026924534 0.05383412315005906
vn 0.9980897987797783 -0.030309087026924534 0.05383412315005906
vn 0.9783725411164912 -0.030886514960575536 0.20453164543133573
vn 0.9783725411164912 -0.030886514960575536 0.20453164543133573
vn 0.9783725411164912 -0.030886514960575536 0.20453164543133573
vn -0.03923310633898617 -0.998429243331331 -0.03999761777680946
vn -0.03923310633898617 -0.998429243331331 -0.03999761777680946
vn -0.03923310633898617 -0.998429243331331 -0.03999761777680946
vn -0.04241639264237469 -0.9983460044805619 -0.03880856829239956
vn -0.04241639264237469 -0.9983460044805619 -0.03880856829239956
vn -0.04241639264237469 -0.9983460044805619 -0.03880856829239956
vn -0.04177689828380259 -0.998364783124652 -0.03901859282766801
vn -0.04177689828380259 -0.998364783124652 -0.03901859282766801
vn -0.04177689828380259 -0.998364783124652 -0.03901859282766801
vn 0.8497312614844208 -0.029481269245228436 0.5263911454610395
vn 0.8497312614844208 -0.029481269245228436 0.5263911454610395
vn 0.8497312614844208 -0.029481269245228436 0.5263911454610395
vn 0.8477618948154271 -0.02949549117584163 0.5295562158064547
vn 0.8477618948154271 -0.02949549117584163 0.5295562158064547
vn 0.8477618948154271 -0.02949549117584163 0.5295562158064547
vn 0 -1 0
vn 0 -1 0
vn 0 -1 0
vn 0 -1 0
vn 0 -1 0
vn 0 -1 0
vn 0 -1 0
vn 0 -1 0
vn 0 -1 0
vn 0 -1 0
vn 0 -1 0
vn 0 -1 0
vn 0 -1 0
vn 0 -1 0
vn 0 -1 0
vn 0 -1 0
vn 0 -1 0
vn 0 -1 0
vn 0 -1 0
vn 0 -1 0
vn 0 -1 0
vn 0 -1 0
vn 0 -1 0
vn 0 -1 0
vn 0 -1 0
vn 0 -1 0
vn 0 -1 0
vn 0 -1 0
vn 0 -1 0
vn 0 -1 0
vn 0 -1 0
vn 0 -1 0
vn 0 -1 0
vn 0 -1 0
vn 0 -1 0
vn 0 -1 0
vn 0 -1 0
vn 0 -1 0
vn 0 -1 0
vn 0 -1 0
vn 0 -1 0
vn 0 -1 0
vn 0 -1 0
vn 0 -1 0
vn 0 -1 0
vn 0 -1 0
vn 0 -1 0
vn 0 -1 0
vn 0 -1 0
vn 0 -1 0
vn 0 -1 0
vn 0 -1 0
vn 0 -1 0
vn 0 -1 0
vn 0 -1 0
vn 0 -1 0
vn 0 -1 0
vn 0 -1 0
vn 0 -1 0
vn 0 -1 0
vn 0 -1 0
vn 0 -1 0
vn 0 -1 0
vn 0 -1 0
vn 0 -1 0
vn 0 -1 0
vn 0 -1 0
vn 0 -1 0
vn 0 -1 0
vn 0.9013445523320532 -0.030342825248494232 0.43203855260528556
vn 0.9013445523320532 -0.030342825248494232 0.43203855260528556
vn 0.9013445523320532 -0.030342825248494232 0.43203855260528556
vn 0.9893134414573513 -0.030733645537996214 0.14252844482332905
vn 0.9893134414573513 -0.030733645537996214 0.14252844482332905
vn 0.9893134414573513 -0.030733645537996214 0.14252844482332905
vn -0.038990456655545666 -0.998452247331924 -0.039659224495981305
vn -0.038990456655545666 -0.998452247331924 -0.039659224495981305
vn -0.038990456655545666 -0.998452247331924 -0.039659224495981305
vn 0 -1 0
vn 0 -1 0
vn 0 -1 0
vn 0 -1 0
vn 0 -1 0
vn 0 -1 0
vn 0 -1 0
vn 0 -1 0
vn 0 -1 0
vn 0 -1 0
vn 0 -1 0
vn 0 -1 0
vn 0 -1 0
vn 0 -1 0
vn 0 -1 0
vn 0 -1 0
vn 0 -1 0
vn 0 -1 0
vn 0.9975133126562713 -0.03031416862430376 0.06362579865219128
vn 0.9975133126562713 -0.03031416862430376 0.06362579865219128
vn 0.9975133126562713 -0.03031416862430376 0.06362579865219128
vn 0 -1 0
vn 0 -1 0
vn 0 -1 0
vn 0 -1 0
vn 0 -1 0
vn 0 -1 0
vn 0 -1 0
vn 0 -1 0
vn 0 -1 0
vn 0 -1 0
vn 0 -1 0
vn 0 -1 0
vn 0 -1 0
vn 0 -1 0
vn 0 -1 0
vn 0 -1 0
vn 0 -1 0
vn 0 -1 0
vn 0 -1 0
vn 0 -1 0
vn 0 -1 0
vn 0 -1 0
vn 0 -1 0
vn 0 -1 0
vn 0 -1 0
vn 0 -1 0
vn 0 -1 0
vn 0 -1 0
vn 0 -1 0
vn 0 -1 0
vn 0 -1 0
vn 0 -1 0
vn 0 -1 0
vn 0 -1 0
vn 0 -1 0
vn 0 -1 0
vn 0 -1 0
vn 0 -1 0
vn 0 -1 0
vn 0 -1 0
vn 0 -1 0
vn 0 -1 0
vn 0 -1 0
vn 0 -1 0
vn 0 -1 0
vn 0 -1 0
vn 0 -1 0
vn 0 -1 0
vn 0 -1 0
vn 0 -1 0
vn 0 -1 0
vn 0 -1 0
vn 0 -1 0
vn 0 -1 0
vn 0 -1 0
vn 0 -1 0
vn 0 -1 0
vn 0.9821260840449895 -0.03085281223638696 0.18567837519636118
vn 0.9821260840449895 -0.03085281223638696 0.18567837519636118
vn 0.9821260840449895 -0.03085281223638696 0.18567837519636118
vn 0 -1 0
vn 0 -1 0
vn 0 -1 0
vn 0 -1 0
vn 0 -1 0
vn 0 -1 0
vn 0 -1 0
vn 0 -1 0
vn 0 -1 0
vn 0 -1 0
vn 0 -1 0
vn 0 -1 0
vn 0 -1 0
vn 0 -1 0
vn 0 -1 0
vn 0 -1 0
vn 0 -1 0
vn 0 -1 0
vn 0 -1 0
vn 0 -1 0
vn 0 -1 0
vn 0 -1 0
vn 0 -1 0
vn 0 -1 0
vn 0 -1 0
vn 0 -1 0
vn 0 -1 0
vn 0.9900215084658605 -0.03071609455046645 0.13752794010872402
vn 0.9900215084658605 -0.03071609455046645 0.13752794010872402
vn 0.9900215084658605 -0.03071609455046645 0.13752794010872402
vn 0 -1 0
vn 0 -1 0
vn 0 -1 0
vn 0 -1 0
vn 0 -1 0
vn 0 -1 0
vn 0 -1 0
vn 0 -1 0
vn 0 -1 0
vn -0.04069949198659393 -0.9983939841575525 -0.03940816857000098
vn -0.04069949198659393 -0.9983939841575525 -0.03940816857000098
vn -0.04069949198659393 -0.9983939841575525 -0.03940816857000098
vn -0.039327870214491224 -0.9984448338895215 -0.03951243226780626
vn -0.039327870214491224 -0.9984448338895215 -0.03951243226780626
vn -0.039327870214491224 -0.9984448338895215 -0.03951243226780626
vn 0.9830393378568147 -0.030842220971336216 0.18078279130379263
vn 0.9830393378568147 -0.030842220971336216 0.18078279130379263
vn 0.9830393378568147 -0.030842220971336216 0.18078279130379263
vn 0 -1 0
vn 0 -1 0
vn 0 -1 0
vn 0 -1 0
vn 0 -1 0
vn 0 -1 0
vn 0 -1 0
vn 0 -1 0
vn 0 -1 0
vn 0 -1 0
vn 0 -1 0
vn 0 -1 0
vn 0 -1 0
vn 0 -1 0
vn 0 -1 0
vn 0 -1 0
vn 0 -1 0
vn 0 -1 0
vn 0 -1 0
vn 0 -1 0
vn 0 -1 0
vn 0 -1 0
vn 0 -1 0
vn 0 -1 0
vn 0.9936547697909611 -0.030597850133787418 0.10823109552648069
vn 0.9936547697909611 -0.030597850133787418 0.10823109552648069
vn 0.9936547697909611 -0.030597850133787418 0.10823109552648069
vn 0.9978082553364664 -0.03033919378455021 0.05880662295099552
vn 0.9978082553364664 -0.03033919378455021 0.05880662295099552
vn 0.9978082553364664 -0.03033919378455021 0.05880662295099552
vn 0.8273305395982605 -0.029081169864136946 0.5609620876738323
vn 0.8273305395982605 -0.029081169864136946 0.5609620876738323
vn 0.8273305395982605 -0.029081169864136946 0.5609620876738323
vn 0.8363704070702533 -0.029246181198399175 0.5473839631030938
vn 0.8363704070702533 -0.029246181198399175 0.5473839631030938
vn 0.8363704070702533 -0.029246181198399175 0.5473839631030938
vn 0 -1 0
vn 0 -1 0
vn 0 -1 0
vn 0 -1 0
vn 0 -1 0
vn 0 -1 0
vn 0 -1 0
vn 0 -1 0
vn 0 -1 0
vn 0 -1 0
vn 0 -1 0
vn 0 -1 0
vn 0.9900215084658605 -0.03071609455046645 0.13752794010872402
vn 0.9900215084658605 -0.03071609455046645 0.13752794010872402
vn 0.9900215084658605 -0.03071609455046645 0.13752794010872402
vn 0.9925369572740471 -0.03064033374402365 0.11803202274480999
vn 0.9925369572740471 -0.03064033374402365 0.11803202274480999
vn 0.9925369572740471 -0.03064033374402365 0.11803202274480999
vn 0.9936547697909611 -0.030597850133787418 0.10823109552648069
vn 0.9936547697909611 -0.030597850133787418 0.10823109552648069
vn 0.9936547697909611 -0.030597850133787418 0.10823109552648069
vn 0.9946779868900215 -0.03055229124283069 0.09839847507063984
vn 0.9946779868900215 -0.03055229124283069 0.09839847507063984
vn 0.9946779868900215 -0.03055229124283069 0.09839847507063984
vn 0.7844372075342004 -0.02826062447439531 0.6195640439375601
vn 0.7844372075342004 -0.02826062447439531 0.6195640439375601
vn 0.7844372075342004 -0.02826062447439531 0.6195640439375601
vn 0.7998105856603983 -0.028567209743403894 0.5995722988873379
vn 0.7998105856603983 -0.028567209743403894 0.5995722988873379
vn 0.7998105856603983 -0.028567209743403894 0.5995722988873379
vn 0.7768943176856266 -0.02810735579916776 0.6290033352040069
vn 0.7768943176856266 -0.02810735579916776 0.6290033352040069
vn 0.7768943176856266 -0.02810735579916776 0.6290033352040069
vn 0.8074905923978036 -0.028717259128733144 0.5891810097221203
vn 0.8074905923978036 -0.028717259128733144 0.5891810097221203
vn 0.8074905923978036 -0.028717259128733144 0.5891810097221203
vn 0.7844372075342004 -0.02826062447439531 0.6195640439375601
vn 0.7844372075342004 -0.02826062447439531 0.6195640439375601
vn 0.7844372075342004 -0.02826062447439531 0.6195640439375601
vn 0 -1 0
vn 0 -1 0
vn 0 -1 0
vn 0 -1 0
vn 0 -1 0
vn 0 -1 0
vn 0 -1 0
vn 0 -1 0
vn 0 -1 0
vn 0 -1 0
vn 0 -1 0
vn 0 -1 0
vn 0 -1 0
vn 0 -1 0
vn 0 -1 0
vn 0 -1 0
vn 0 -1 0
vn 0 -1 0
vn 0 -1 0
vn 0 -1 0
vn 0 -1 0
vn 0 -1 0
vn 0 -1 0
vn 0 -1 0
vn 0 -1 0
vn 0 -1 0
vn 0 -1 0
vn 0 -1 0
vn 0 -1 0
vn 0 -1 0
vn 0 -1 0
vn 0 -1 0
vn 0 -1 0
vn 0 -1 0
vn 0 -1 0
vn 0 -1 0
vn 0 -1 0
vn 0 -1 0
vn 0 -1 0
vn 0 -1 0
vn 0 -1 0
vn 0 -1 0
vn 0 -1 0
vn 0 -1 0
vn 0 -1 0
vn 0 -1 0
vn 0 -1 0
vn 0 -1 0
vn 0 -1 0
vn 0 -1 0
vn 0 -1 0
vn 0 -1 0
vn 0 -1 0
vn 0 -1 0
vn 0.9878943629080613 -0.030764915256397053 0.15204686028899883
vn 0.9878943629080613 -0.030764915256397053 0.15204686028899883
vn 0.9878943629080613 -0.030764915256397053 0.15204686028899883
vn 0.9893134414573513 -0.030733645537996214 0.14252844482332905
vn 0.9893134414573513 -0.030733645537996214 0.14252844482332905
vn 0.9893134414573513 -0.030733645537996214 0.14252844482332905
vn 0 -1 0
vn 0 -1 0
vn 0 -1 0
vn 0 -1 0
vn 0 -1 0
vn 0 -1 0
vn 0 -1 0
vn 0 -1 0
vn 0 -1 0
vn 0 -1 0
vn 0 -1 0
vn 0 -1 0
vn 0 -1 0
vn 0 -1 0
vn 0 -1 0
vn 0 -1 0
vn 0 -1 0
vn 0 -1 0
vn 0 -1 0
vn 0 -1 0
vn 0 -1 0
vn 0 -1 0
vn 0 -1 0
vn 0 -1 0
vn 0 -1 0
vn 0 -1 0
vn 0 -1 0
vn 0 -1 0
vn 0 -1 0
vn 0 -1 0
vn 0.9821260840449895 -0.03085281223638696 0.18567837519636118
vn 0.9821260840449895 -0.03085281223638696 0.18567837519636118
vn 0.9821260840449895 -0.03085281223638696 0.18567837519636118
vn 0 0 -1
vn 0 0 -1
vn 0 0 -1
vn 0.9878943629080613 -0.030764915256397053 0.15204686028899883
vn 0.9878943629080613 -0.030764915256397053 0.15204686028899883
vn 0.9878943629080613 -0.030764915256397053 0.15204686028899883
vn 0 0 -1
vn 0 0 -1
vn 0 0 -1
vn 0 0 -1
vn 0 0 -1
vn 0 0 -1
vn 0.977414393237597 -0.03088136646740057 0.20906325620990046
vn 0.977414393237597 -0.03088136646740057 0.20906325620990046
vn 0.977414393237597 -0.03088136646740057 0.20906325620990046
vn 0.9781665036026995 -0.030876594990540962 0.20551624537116336
vn 0.9781665036026995 -0.030876594990540962 0.20551624537116336
vn 0.9781665036026995 -0.030876594990540962 0.20551624537116336
vn 0.9830118468666458 -0.03084426016693692 0.18093186710632395
vn 0.9830118468666458 -0.03084426016693692 0.18093186710632395
vn 0.9830118468666458 -0.03084426016693692 0.18093186710632395
vn 0.9855401527079579 -0.030809039284775037 0.16661755759440378
vn 0.9855401527079579 -0.030809039284775037 0.16661755759440378
vn 0.9855401527079579 -0.030809039284775037 0.16661755759440378
vn 0.9855655092196016 -0.030806933400107886 0.1664678944757485
vn 0.9855655092196016 -0.030806933400107886 0.1664678944757485
vn 0.9855655092196016 -0.030806933400107886 0.1664678944757485
vn 0.9968180016425513 -0.030371449753809957 0.07369834897202607
vn 0.9968180016425513 -0.030371449753809957 0.07369834897202607
vn 0.9968180016425513 -0.030371449753809957 0.07369834897202607
vn 0.9960335193448184 -0.030478167400819677 0.08359611027710924
vn 0.9960335193448184 -0.030478167400819677 0.08359611027710924
vn 0.9960335193448184 -0.030478167400819677 0.08359611027710924
vn 0.9964491017797715 -0.03045109998003392 0.07849788578230808
vn 0.9964491017797715 -0.03045109998003392 0.07849788578230808
vn 0.9964491017797715 -0.03045109998003392 0.07849788578230808
vn 0.9980897987797783 -0.030309087026924534 0.05383412315005906
vn 0.9980897987797783 -0.030309087026924534 0.05383412315005906
vn 0.9980897987797783 -0.030309087026924534 0.05383412315005906
vn 1 0 0
vn 1 0 0
vn 1 0 0
vn 0.9993682296844716 -0.030076896149238027 0.018934672306456773
vn 0.9993682296844716 -0.030076896149238027 0.018934672306456773
vn 0.9993682296844716 -0.030076896149238027 0.018934672306456773
vn 1 0 0
vn 1 0 0
vn 1 0 0
vn 0.9995437331272695 -0.02996484970475515 0.003799124658819692
vn 0.9995437331272695 -0.02996484970475515 0.003799124658819692
vn 0.9995437331272695 -0.02996484970475515 0.003799124658819692
vn 0.06120585279135568 -0.00956839416404166 0.9980793001646735
vn 0.06120585279135568 -0.00956839416404166 0.9980793001646735
vn 0.06120585279135568 -0.00956839416404166 0.9980793001646735
vn 0.06120585279135568 -0.00956839416404166 0.9980793001646735
vn 0.06120585279135568 -0.00956839416404166 0.9980793001646735
vn 0.06120585279135568 -0.00956839416404166 0.9980793001646735
vn 0.06120585279135568 -0.00956839416404166 0.9980793001646735
vn 0.06120585279135568 -0.00956839416404166 0.9980793001646735
vn 0.06120585279135568 -0.00956839416404166 0.9980793001646735
vn 0.00031519854986094046 0.00774054860257844 -0.9999699918283576
vn 0.00031519854986094046 0.00774054860257844 -0.9999699918283576
vn 0.00031519854986094046 0.00774054860257844 -0.9999699918283576
vn 0 1 0
vn 0 1 0
vn 0 1 0
vn 0 1 0
vn 0 1 0
vn 0 1 0
vn 0 1 0
vn 0 1 0
vn 0 1 0
vn 0 1 0
vn 0 1 0
vn 0 1 0
vn 0 1 0
vn 0 1 0
vn 0 1 0
vn 0.9664022795949117 -0.030906343427841106 0.2551694180925266
vn 0.9664022795949117 -0.030906343427841106 0.2551694180925266
vn 0.9664022795949117 -0.030906343427841106 0.2551694180925266
vn 0 1 0
vn 0 1 0
vn 0 1 0
vn 0 1 0
vn 0 1 0
vn 0 1 0
vn 0 1 0
vn 0 1 0
vn 0 1 0
vn 0 1 0
vn 0 1 0
vn 0 1 0
vn 0 1 0
vn 0 1 0
vn 0 1 0
vn 0 1 0
vn 0 1 0
vn 0 1 0
vn 0 1 0
vn 0 1 0
vn 0 1 0
vn 0 1 0
vn 0 1 0
vn 0 1 0
vn 0 1 0
vn 0 1 0
vn 0 1 0
vn 0 1 0
vn 0 1 0
vn 0 1 0
vn 0 1 0
vn 0 1 0
vn 0 1 0
vn 0 1 0
vn 0 1 0
vn 0 1 0
vn 0 1 0
vn 0 1 0
vn 0 1 0
vn 0 1 0
vn 0 1 0
vn 0 1 0
vn 0 1 0
vn 0 1 0
vn 0 1 0
vn 0 1 0
vn 0 1 0
vn 0 1 0
vn 0 1 0
vn 0 1 0
vn 0 1 0
vn 0 1 0
vn 0 1 0
vn 0 1 0
vn 0 1 0
vn 0 1 0
vn 0 1 0
vn 0 1 0
vn 0 1 0
vn 0 1 0
vn 0 1 0
vn 0 1 0
vn 0 1 0
vn 0 1 0
vn 0 1 0
vn 0 1 0
vn 0 1 0
vn 0 1 0
vn 0 1 0
vn 0.044676816906074814 0.9982270364362977 0.039328943015893666
vn 0.044676816906074814 0.9982270364362977 0.039328943015893666
vn 0.044676816906074814 0.9982270364362977 0.039328943015893666
vn 0 1 0
vn 0 1 0
vn 0 1 0
vn 0 1 0
vn 0 1 0
vn 0 1 0
vn 0 1 0
vn 0 1 0
vn 0 1 0
vn 0 1 0
vn 0 1 0
vn 0 1 0
vn 0.3573343207039357 -0.017887333654637908 0.9338052401554536
vn 0.3573343207039357 -0.017887333654637908 0.9338052401554536
vn 0.3573343207039357 -0.017887333654637908 0.9338052401554536
vn 0 1 0
vn 0 1 0
vn 0 1 0
vn 0 1 0
vn 0 1 0
vn 0 1 0
vn 0 1 0
vn 0 1 0
vn 0 1 0
vn 0 1 0
vn 0 1 0
vn 0 1 0
vn 0.3774459332389247 -0.0184284298164863 0.9258482383500528
vn 0.3774459332389247 -0.0184284298164863 0.9258482383500528
vn 0.3774459332389247 -0.0184284298164863 0.9258482383500528
vn 0.3975458459206743 -0.01896529093587107 0.9173862971131262
vn 0.3975458459206743 -0.01896529093587107 0.9173862971131262
vn 0.3975458459206743 -0.01896529093587107 0.9173862971131262
vn 0 1 0
vn 0 1 0
vn 0 1 0
vn 0 1 0
vn 0 1 0
vn 0 1 0
vn 0 1 0
vn 0 1 0
vn 0 1 0
vn 0.9783740825708145 -0.030822799165486248 0.20453388375846532
vn 0.9783740825708145 -0.030822799165486248 0.20453388375846532
vn 0.9783740825708145 -0.030822799165486248 0.20453388375846532
vn 0 1 0
vn 0 1 0
vn 0 1 0
vn 0 1 0
vn 0 1 0
vn 0 1 0
vn 0 1 0
vn 0 1 0
vn 0 1 0
vn 0 1 0
vn 0 1 0
vn 0 1 0
vn 0 1 0
vn 0 1 0
vn 0 1 0
vn 0 1 0
vn 0 1 0
vn 0 1 0
vn 0 1 0
vn 0 1 0
vn 0 1 0
vn 0 1 0
vn 0 1 0
vn 0 1 0
vn 0 1 0
vn 0 1 0
vn 0 1 0
vn 0 1 0
vn 0 1 0
vn 0 1 0
vn 0 1 0
vn 0 1 0
vn 0 1 0
vn 0 1 0
vn 0 1 0
vn 0 1 0
vn 0 1 0
vn 0 1 0
vn 0 1 0
vn 0 1 0
vn 0 1 0
vn 0 1 0
vn 0 1 0
vn 0 1 0
vn 0 1 0
vn 0 1 0
vn 0 1 0
vn 0 1 0
vn 0 1 0
vn 0 1 0
vn 0 1 0
vn 0 1 0
vn 0 1 0
vn 0 1 0
vn 0 1 0
vn 0 1 0
vn 0 1 0
vn 0 1 0
vn 0 1 0
vn 0 1 0
vn 0 1 0
vn 0 1 0
vn 0 1 0
vn 0.3358748885216131 -0.01730575987798079 0.9417476147756573
vn 0.3358748885216131 -0.01730575987798079 0.9417476147756573
vn 0.3358748885216131 -0.01730575987798079 0.9417476147756573
vn 0 1 0
vn 0 1 0
vn 0 1 0
vn 0 1 0
vn 0 1 0
vn 0 1 0
vn 0.3573343207039357 -0.017887333654637908 0.9338052401554536
vn 0.3573343207039357 -0.017887333654637908 0.9338052401554536
vn 0.3573343207039357 -0.017887333654637908 0.9338052401554536
vn 0 1 0
vn 0 1 0
vn 0 1 0
vn 0 1 0
vn 0 1 0
vn 0 1 0
vn 0 1 0
vn 0 1 0
vn 0 1 0
vn 0 1 0
vn 0 1 0
vn 0 1 0
vn 0 1 0
vn 0 1 0
vn 0 1 0
vn 0 1 0
vn 0 1 0
vn 0 1 0
vn 0 1 0
vn 0 1 0
vn 0 1 0
vn 0 1 0
vn 0 1 0
vn 0 1 0
vn 0.9687135637400099 -0.03090863431750002 0.24624923908665577
vn 0.9687135637400099 -0.03090863431750002 0.24624923908665577
vn 0.9687135637400099 -0.03090863431750002 0.24624923908665577
vn 0.41570645623467845 -0.019446890825850577 0.9092909109201593
vn 0.41570645623467845 -0.019446890825850577 0.9092909109201593
vn 0.41570645623467845 -0.019446890825850577 0.9092909109201593
vn 0 1 0
vn 0 1 0
vn 0 1 0
vn 0 1 0
vn 0 1 0
vn 0 1 0
vn 0 1 0
vn 0 1 0
vn 0 1 0
vn 0 1 0
vn 0 1 0
vn 0 1 0
vn 0 1 0
vn 0 1 0
vn 0 1 0
vn 0 1 0
vn 0 1 0
vn 0 1 0
vn 0.44949118144587996 -0.02033376462166235 0.8930533107372134
vn 0.44949118144587996 -0.02033376462166235 0.8930533107372134
vn 0.44949118144587996 -0.02033376462166235 0.8930533107372134
vn 0.4662643069581401 -0.020769530883183968 0.8844016184085927
vn 0.4662643069581401 -0.020769530883183968 0.8844016184085927
vn 0.4662643069581401 -0.020769530883183968 0.8844016184085927
vn 0 1 0
vn 0 1 0
vn 0 1 0
vn 0 1 0
vn 0 1 0
vn 0 1 0
vn 0 1 0
vn 0 1 0
vn 0 1 0
vn 0 1 0
vn 0 1 0
vn 0 1 0
vn 0 1 0
vn 0 1 0
vn 0 1 0
vn 0 1 0
vn 0 1 0
vn 0 1 0
vn 0 1 0
vn 0 1 0
vn 0 1 0
vn 0.511070778627368 -0.021965533096131192 0.8592579208765077
vn 0.511070778627368 -0.021965533096131192 0.8592579208765077
vn 0.511070778627368 -0.021965533096131192 0.8592579208765077
vn 0 1 0
vn 0 1 0
vn 0 1 0
vn 0 1 0
vn 0 1 0
vn 0 1 0
vn 0 1 0
vn 0 1 0
vn 0 1 0
vn 0 1 0
vn 0 1 0
vn 0 1 0
vn 0 1 0
vn 0 1 0
vn 0 1 0
vn 0 1 0
vn 0 1 0
vn 0 1 0
vn 0 1 0
vn 0 1 0
vn 0 1 0
vn 0 1 0
vn 0 1 0
vn 0 1 0
vn 0.5647189026247614 -0.02327512765557878 0.8249550469273473
vn 0.5647189026247614 -0.02327512765557878 0.8249550469273473
vn 0.5647189026247614 -0.02327512765557878 0.8249550469273473
vn 0 1 0
vn 0 1 0
vn 0 1 0
vn 0 1 0
vn 0 1 0
vn 0 1 0
vn 0.5634046199134519 -0.02327398956729544 0.8258532288910666
vn 0.5634046199134519 -0.02327398956729544 0.8258532288910666
vn 0.5634046199134519 -0.02327398956729544 0.8258532288910666
vn 0 1 0
vn 0 1 0
vn 0 1 0
vn 0 1 0
vn 0 1 0
vn 0 1 0
vn 0 1 0
vn 0 1 0
vn 0 1 0
vn 0 1 0
vn 0 1 0
vn 0 1 0
vn 0 1 0
vn 0 1 0
vn 0 1 0
vn 0 1 0
vn 0 1 0
vn 0 1 0
vn 0 1 0
vn 0 1 0
vn 0 1 0
vn 0 1 0
vn 0 1 0
vn 0 1 0
vn 0 1 0
vn 0 1 0
vn 0 1 0
vn 0 1 0
vn 0 1 0
vn 0 1 0
vn 0.5906387099374728 -0.023940260109164096 0.8065809186122019
vn 0.5906387099374728 -0.023940260109164096 0.8065809186122019
vn 0.5906387099374728 -0.023940260109164096 0.8065809186122019
vn 0.9687504845038165 -0.030906914046623966 0.24610416785933448
vn 0.9687504845038165 -0.030906914046623966 0.24610416785933448
vn 0.9687504845038165 -0.030906914046623966 0.24610416785933448
vn 0.9522400218531752 -0.030805335406106575 0.3037926465396774
vn 0.9522400218531752 -0.030805335406106575 0.3037926465396774
vn 0.9522400218531752 -0.030805335406106575 0.3037926465396774
vn 0.9562590156105596 -0.03087740402433495 0.2908870588119065
vn 0.9562590156105596 -0.03087740402433495 0.2908870588119065
vn 0.9562590156105596 -0.03087740402433495 0.2908870588119065
vn 0.9549647044448557 -0.03082001033656059 0.2951144527592704
vn 0.9549647044448557 -0.03082001033656059 0.2951144527592704
vn 0.9549647044448557 -0.03082001033656059 0.2951144527592704
vn -0.04076636139787783 -0.9983977503277489 -0.039243291386776194
vn -0.04076636139787783 -0.9983977503277489 -0.039243291386776194
vn -0.04076636139787783 -0.9983977503277489 -0.039243291386776194
vn 0.9465575729357026 -0.03081902461426704 0.3210591049011028
vn 0.9465575729357026 -0.03081902461426704 0.3210591049011028
vn 0.9465575729357026 -0.03081902461426704 0.3210591049011028
vn 0.41570645623467845 -0.019446890825850577 0.9092909109201593
vn 0.41570645623467845 -0.019446890825850577 0.9092909109201593
vn 0.41570645623467845 -0.019446890825850577 0.9092909109201593
vn 0.43285894470976755 -0.019898656791108617 0.9012420193503274
vn 0.43285894470976755 -0.019898656791108617 0.9012420193503274
vn 0.43285894470976755 -0.019898656791108617 0.9012420193503274
vn 0.44949118144587996 -0.02033376462166235 0.8930533107372134
vn 0.44949118144587996 -0.02033376462166235 0.8930533107372134
vn 0.44949118144587996 -0.02033376462166235 0.8930533107372134
vn -0.9858558472607081 0 0.167595490458042
vn -0.9858558472607081 0 0.167595490458042
vn -0.9858558472607081 0 0.167595490458042
vn -0.9850304679147688 0 0.1723803274147362
vn -0.9850304679147688 0 0.1723803274147362
vn -0.9850304679147688 0 0.1723803274147362
vn -0.9955178156747602 0 0.09457419666142695
vn -0.9955178156747602 0 0.09457419666142695
vn -0.9955178156747602 0 0.09457419666142695
vn -0.9971993097773229 0 0.07478994972341535
vn -0.9971993097773229 0 0.07478994972341535
vn -0.9971993097773229 0 0.07478994972341535
vn 0.8960423460968672 -0.030268482834937254 0.4429355855517744
vn 0.8960423460968672 -0.030268482834937254 0.4429355855517744
vn 0.8960423460968672 -0.030268482834937254 0.4429355855517744
vn 0.9013445523320532 -0.030342825248494232 0.43203855260528556
vn 0.9013445523320532 -0.030342825248494232 0.43203855260528556
vn 0.9013445523320532 -0.030342825248494232 0.43203855260528556
vn 0.9048395222657526 -0.03039036312905867 0.4246667690963921
vn 0.9048395222657526 -0.03039036312905867 0.4246667690963921
vn 0.9048395222657526 -0.03039036312905867 0.4246667690963921
vn -0.9756097573740435 0 0.21951218944869544
vn -0.9756097573740435 0 0.21951218944869544
vn -0.9756097573740435 0 0.21951218944869544
vn 0.9371025379169291 -0.030740836034532253 0.34769790685241186
vn 0.9371025379169291 -0.030740836034532253 0.34769790685241186
vn 0.9371025379169291 -0.030740836034532253 0.34769790685241186
vn 0.49601148356585584 -0.02158264390957477 0.8680476931901098
vn 0.49601148356585584 -0.02158264390957477 0.8680476931901098
vn 0.49601148356585584 -0.02158264390957477 0.8680476931901098
vn 0.511070778627368 -0.021965533096131192 0.8592579208765077
vn 0.511070778627368 -0.021965533096131192 0.8592579208765077
vn 0.511070778627368 -0.021965533096131192 0.8592579208765077
vn 0.5248890453713514 -0.022314432730277806 0.850878108862296
vn 0.5248890453713514 -0.022314432730277806 0.850878108862296
vn 0.5248890453713514 -0.022314432730277806 0.850878108862296
vn 0.5248890453713514 -0.022314432730277806 0.850878108862296
vn 0.5248890453713514 -0.022314432730277806 0.850878108862296
vn 0.5248890453713514 -0.022314432730277806 0.850878108862296
vn 0.5392697946398219 -0.022674979208325317 0.8418277341042086
vn 0.5392697946398219 -0.022674979208325317 0.8418277341042086
vn 0.5392697946398219 -0.022674979208325317 0.8418277341042086
vn -0.9955178156747602 0 0.09457419666142695
vn -0.9955178156747602 0 0.09457419666142695
vn -0.9955178156747602 0 0.09457419666142695
vn 0.9184627563977587 -0.030512396349242226 0.3943287445511146
vn 0.9184627563977587 -0.030512396349242226 0.3943287445511146
vn 0.9184627563977587 -0.030512396349242226 0.3943287445511146
vn 0.9250335551511311 -0.030587322540930495 0.37865200058132087
vn 0.9250335551511311 -0.030587322540930495 0.37865200058132087
vn 0.9250335551511311 -0.030587322540930495 0.37865200058132087
vn 0.9267007866383224 -0.030658349698414637 0.3745473503279446
vn 0.9267007866383224 -0.030658349698414637 0.3745473503279446
vn 0.9267007866383224 -0.030658349698414637 0.3745473503279446
vn -0.9945326665190122 0 0.10442593177263566
vn -0.9945326665190122 0 0.10442593177263566
vn -0.9945326665190122 0 0.10442593177263566
vn -0.9824244523572399 0 0.18666064237159727
vn -0.9824244523572399 0 0.18666064237159727
vn -0.9824244523572399 0 0.18666064237159727
vn 0.9421755665309705 -0.030785078162586257 0.3337026832295006
vn 0.9421755665309705 -0.030785078162586257 0.3337026832295006
vn 0.9421755665309705 -0.030785078162586257 0.3337026832295006
vn 0.9421755665309705 -0.030785078162586257 0.3337026832295006
vn 0.9421755665309705 -0.030785078162586257 0.3337026832295006
vn 0.9421755665309705 -0.030785078162586257 0.3337026832295006
vn -0.9910101938306085 0 0.13378638093550374
vn -0.9910101938306085 0 0.13378638093550374
vn -0.9910101938306085 0 0.13378638093550374
vn -0.9934523729999084 0 0.11424702438510559
vn -0.9934523729999084 0 0.11424702438510559
vn -0.9934523729999084 0 0.11424702438510559
vn -0.9989890352444174 0 0.044954504350824626
vn -0.9989890352444174 0 0.044954504350824626
vn -0.9989890352444174 0 0.044954504350824626
vn -0.9993880621032327 0 0.034978583812740716
vn -0.9993880621032327 0 0.034978583812740716
vn -0.9993880621032327 0 0.034978583812740716
vn -0.9978941703677411 0 0.06486312316006573
vn -0.9978941703677411 0 0.06486312316006573
vn -0.9978941703677411 0 0.06486312316006573
vn -0.9689917956441093 0 0.24709289745843524
vn -0.9689917956441093 0 0.24709289745843524
vn -0.9689917956441093 0 0.24709289745843524
vn -0.9745551871357113 0 0.22414769065702783
vn -0.9745551871357113 0 0.22414769065702783
vn -0.9745551871357113 0 0.22414769065702783
vn -0.9805806762640418 0 0.19611613227257615
vn -0.9805806762640418 0 0.19611613227257615
vn -0.9805806762640418 0 0.19611613227257615
vn -0.9824244523572399 0 0.18666064237159727
vn -0.9824244523572399 0 0.18666064237159727
vn -0.9824244523572399 0 0.18666064237159727
vn 0.7617134980031466 -0.0277951692547963 0.6473175229560125
vn 0.7617134980031466 -0.0277951692547963 0.6473175229560125
vn 0.7617134980031466 -0.0277951692547963 0.6473175229560125
vn -0.9850304679147688 0 0.1723803274147362
vn -0.9850304679147688 0 0.1723803274147362
vn -0.9850304679147688 0 0.1723803274147362
vn -0.9993880621032327 0 0.034978583812740716
vn -0.9993880621032327 0 0.034978583812740716
vn -0.9993880621032327 0 0.034978583812740716
vn -0.9971993097773229 0 0.07478994972341535
vn -0.9971993097773229 0 0.07478994972341535
vn -0.9971993097773229 0 0.07478994972341535
vn -0.9996876464453524 0 0.024992189671017725
vn -0.9996876464453524 0 0.024992189671017725
vn -0.9996876464453524 0 0.024992189671017725
vn 0.9117257818107157 -0.03048035018207463 0.4096669952954683
vn 0.9117257818107157 -0.03048035018207463 0.4096669952954683
vn 0.9117257818107157 -0.03048035018207463 0.4096669952954683
vn 0.9167925884520431 -0.030544868302386747 0.3981938733579316
vn 0.9167925884520431 -0.030544868302386747 0.3981938733579316
vn 0.9167925884520431 -0.030544868302386747 0.3981938733579316
vn -0.9999875002346494 0 0.004999937445293898
vn -0.9999875002346494 0 0.004999937445293898
vn -0.9999875002346494 0 0.004999937445293898
vn 0.9201753812849252 -0.030585078779518268 0.3903099033245165
vn 0.9201753812849252 -0.030585078779518268 0.3903099033245165
vn 0.9201753812849252 -0.030585078779518268 0.3903099033245165
vn -0.9910101938306085 0 0.13378638093550374
vn -0.9910101938306085 0 0.13378638093550374
vn -0.9910101938306085 0 0.13378638093550374
vn -0.9989890352444174 0 0.044954504350824626
vn -0.9989890352444174 0 0.044954504350824626
vn -0.9989890352444174 0 0.044954504350824626
vn -0.9756097573740435 0 0.21951218944869544
vn -0.9756097573740435 0 0.21951218944869544
vn -0.9756097573740435 0 0.21951218944869544
vn 0.6006111558233508 -0.024181531966013404 0.7991755082660598
vn 0.6006111558233508 -0.024181531966013404 0.7991755082660598
vn 0.6006111558233508 -0.024181531966013404 0.7991755082660598
vn -0.9996876464453524 0 0.024992189671017725
vn -0.9996876464453524 0 0.024992189671017725
vn -0.9996876464453524 0 0.024992189671017725
vn -0.9999875002346494 0 0.004999937445293898
vn -0.9999875002346494 0 0.004999937445293898
vn -0.9999875002346494 0 0.004999937445293898
vn 0.7940608066897222 -0.02845348720013052 0.6071719973330615
vn 0.7940608066897222 -0.02845348720013052 0.6071719973330615
vn 0.7940608066897222 -0.02845348720013052 0.6071719973330615
vn 0.7940608066897222 -0.02845348720013052 0.6071719973330615
vn 0.7940608066897222 -0.02845348720013052 0.6071719973330615
vn 0.7940608066897222 -0.02845348720013052 0.6071719973330615
vn 0.7998105856603983 -0.028567209743403894 0.5995722988873379
vn 0.7998105856603983 -0.028567209743403894 0.5995722988873379
vn 0.7998105856603983 -0.028567209743403894 0.5995722988873379
vn 0.7616450136912097 -0.027792200250427158 0.6473982288549739
vn 0.7616450136912097 -0.027792200250427158 0.6473982288549739
vn 0.7616450136912097 -0.027792200250427158 0.6473982288549739
vn 0.00031519854986094046 0.00774054860257844 -0.9999699918283576
vn 0.00031519854986094046 0.00774054860257844 -0.9999699918283576
vn 0.00031519854986094046 0.00774054860257844 -0.9999699918283576
vn 0.7692492843989629 -0.027950218818423023 0.6383371552085041
vn 0.7692492843989629 -0.027950218818423023 0.6383371552085041
vn 0.7692492843989629 -0.027950218818423023 0.6383371552085041
vn -0.9805806762640418 0 0.19611613227257615
vn -0.9805806762640418 0 0.19611613227257615
vn -0.9805806762640418 0 0.19611613227257615
vn -0.9858558472607081 0 0.167595490458042
vn -0.9858558472607081 0 0.167595490458042
vn -0.9858558472607081 0 0.167595490458042
vn 0.7693179025231708 -0.027953182462604725 0.638254325835369
vn 0.7693179025231708 -0.027953182462604725 0.638254325835369
vn 0.7693179025231708 -0.027953182462604725 0.638254325835369
vn -0.9896504166328423 0 0.1434993130939711
vn -0.9896504166328423 0 0.1434993130939711
vn -0.9896504166328423 0 0.1434993130939711
vn -0.9896504166328423 0 0.1434993130939711
vn -0.9896504166328423 0 0.1434993130939711
vn -0.9896504166328423 0 0.1434993130939711
vn -0.9945326665190122 0 0.10442593177263566
vn -0.9945326665190122 0 0.10442593177263566
vn -0.9945326665190122 0 0.10442593177263566
vn -0.9978941703677411 0 0.06486312316006573
vn -0.9978941703677411 0 0.06486312316006573
vn -0.9978941703677411 0 0.06486312316006573
vn -0.9689917956441093 0 0.24709289745843524
vn -0.9689917956441093 0 0.24709289745843524
vn -0.9689917956441093 0 0.24709289745843524
vn -0.9745551871357113 0 0.22414769065702783
vn -0.9745551871357113 0 0.22414769065702783
vn -0.9745551871357113 0 0.22414769065702783
vn -0.9934523729999084 0 0.11424702438510559
vn -0.9934523729999084 0 0.11424702438510559
vn -0.9934523729999084 0 0.11424702438510559
vn 0.8833596842118254 -0.030080808454681036 0.46772942314108984
vn 0.8833596842118254 -0.030080808454681036 0.46772942314108984
vn 0.8833596842118254 -0.030080808454681036 0.46772942314108984
vn 0.8942608214140753 -0.030193453576565915 0.4465265262500574
vn 0.8942608214140753 -0.030193453576565915 0.4465265262500574
vn 0.8942608214140753 -0.030193453576565915 0.4465265262500574
vn 0.890673627174523 -0.030190655615359902 0.4536397405092427
vn 0.890673627174523 -0.030190655615359902 0.4536397405092427
vn 0.890673627174523 -0.030190655615359902 0.4536397405092427
vn 0.8924711604173236 -0.030167608461124967 0.45009459363903964
vn 0.8924711604173236 -0.030167608461124967 0.45009459363903964
vn 0.8924711604173236 -0.030167608461124967 0.45009459363903964
vn 0.8723069067059922 -0.029907225139305143 0.48804325463783466
vn 0.8723069067059922 -0.029907225139305143 0.48804325463783466
vn 0.8723069067059922 -0.029907225139305143 0.48804325463783466
vn 0.8815935970696174 -0.030053662547163257 0.47105149078774194
vn 0.8815935970696174 -0.030053662547163257 0.47105149078774194
vn 0.8815935970696174 -0.030053662547163257 0.47105149078774194
vn 0.8833596842118254 -0.030080808454681036 0.46772942314108984
vn 0.8833596842118254 -0.030080808454681036 0.46772942314108984
vn 0.8833596842118254 -0.030080808454681036 0.46772942314108984
vn 0.8686468979901715 -0.02984789684228832 0.4945317681060992
vn 0.8686468979901715 -0.02984789684228832 0.4945317681060992
vn 0.8686468979901715 -0.02984789684228832 0.4945317681060992
vn 0.8554209519485682 -0.029628226702336096 0.5170852571383955
vn 0.8554209519485682 -0.029628226702336096 0.5170852571383955
vn 0.8554209519485682 -0.029628226702336096 0.5170852571383955
vn 0.8554209519485682 -0.029628226702336096 0.5170852571383955
vn 0.8554209519485682 -0.029628226702336096 0.5170852571383955
vn 0.8554209519485682 -0.029628226702336096 0.5170852571383955
vn 0.861083752827974 -0.029724266617274904 0.5075935761903985
vn 0.861083752827974 -0.029724266617274904 0.5075935761903985
vn 0.861083752827974 -0.029724266617274904 0.5075935761903985
vn 0.861083752827974 -0.029724266617274904 0.5075935761903985
vn 0.861083752827974 -0.029724266617274904 0.5075935761903985
vn 0.861083752827974 -0.029724266617274904 0.5075935761903985
vn 0.8685827257627057 -0.029848501094407065 0.4946444333953893
vn 0.8685827257627057 -0.029848501094407065 0.4946444333953893
vn 0.8685827257627057 -0.029848501094407065 0.4946444333953893
vn -0.9453227403477283 0 0.32613634661205915
vn -0.9453227403477283 0 0.32613634661205915
vn -0.9453227403477283 0 0.32613634661205915
vn 0.8421084209743023 -0.0293473114438401 0.5385091852839519
vn 0.8421084209743023 -0.0293473114438401 0.5385091852839519
vn 0.8421084209743023 -0.0293473114438401 0.5385091852839519
vn 0.8440165930340442 -0.02942782575807736 0.5355090977325753
vn 0.8440165930340442 -0.02942782575807736 0.5355090977325753
vn 0.8440165930340442 -0.02942782575807736 0.5355090977325753
vn 0.8382170271523939 -0.02932418721482545 0.5445478008733419
vn 0.8382170271523939 -0.02932418721482545 0.5445478008733419
vn 0.8382170271523939 -0.02932418721482545 0.5445478008733419
vn -0.923622505775189 0 0.38330336135437315
vn -0.923622505775189 0 0.38330336135437315
vn -0.923622505775189 0 0.38330336135437315
vn 0.6243829132614847 -0.024750489747463973 0.7807261945678282
vn 0.6243829132614847 -0.024750489747463973 0.7807261945678282
vn 0.6243829132614847 -0.024750489747463973 0.7807261945678282
vn -0.9604291360681804 0 0.27852445959256195
vn -0.9604291360681804 0 0.27852445959256195
vn -0.9604291360681804 0 0.27852445959256195
vn -0.9629640181665834 0 0.2696299310471079
vn -0.9629640181665834 0 0.2696299310471079
vn -0.9629640181665834 0 0.2696299310471079
vn -0.9678225056269975 0 0.251633856231391
vn -0.9678225056269975 0 0.251633856231391
vn -0.9678225056269975 0 0.251633856231391
vn -0.9284766929405919 0 0.37139067121577224
vn -0.9284766929405919 0 0.37139067121577224
vn -0.9284766929405919 0 0.37139067121577224
vn 0.657528143116797 -0.0255282513915545 0.7529973767485957
vn 0.657528143116797 -0.0255282513915545 0.7529973767485957
vn 0.657528143116797 -0.0255282513915545 0.7529973767485957
vn -0.923622505775189 0 0.38330336135437315
vn -0.923622505775189 0 0.38330336135437315
vn -0.923622505775189 0 0.38330336135437315
vn -0.943858358224514 0 0.3303504194181156
vn -0.943858358224514 0 0.3303504194181156
vn -0.943858358224514 0 0.3303504194181156
vn -0.943858358224514 0 0.3303504194181156
vn -0.943858358224514 0 0.3303504194181156
vn -0.943858358224514 0 0.3303504194181156
vn 0.22669582400771293 0.9732005738623918 0.038595937757430886
vn 0.22669582400771293 0.9732005738623918 0.038595937757430886
vn 0.22669582400771293 0.9732005738623918 0.038595937757430886
vn -0.896212437749266 0 0.4436251417847258
vn -0.896212437749266 0 0.4436251417847258
vn -0.896212437749266 0 0.4436251417847258
vn -0.9186691787115252 0 0.3950277712838574
vn -0.9186691787115252 0 0.3950277712838574
vn -0.9186691787115252 0 0.3950277712838574
vn -0.8835728947903049 0 0.46829364675583723
vn -0.8835728947903049 0 0.46829364675583723
vn -0.8835728947903049 0 0.46829364675583723
vn -0.8872168026984372 0 0.46135273382690867
vn -0.8872168026984372 0 0.46135273382690867
vn -0.8872168026984372 0 0.46135273382690867
vn -0.9032775031992788 0 0.4290568169998896
vn -0.9032775031992788 0 0.4290568169998896
vn -0.9032775031992788 0 0.4290568169998896
vn -0.7980805187400829 0 0.6025508157886441
vn -0.7980805187400829 0 0.6025508157886441
vn -0.7980805187400829 0 0.6025508157886441
vn -0.8057640844806485 0 0.592236642028389
vn -0.8057640844806485 0 0.592236642028389
vn -0.8057640844806485 0 0.592236642028389
vn -0.7124298215136856 0 0.701743364356214
vn -0.7124298215136856 0 0.701743364356214
vn -0.7124298215136856 0 0.701743364356214
vn -0.8612692622858219 0 0.5081488540198
vn -0.8612692622858219 0 0.5081488540198
vn -0.8612692622858219 0 0.5081488540198
vn 0.03744992198620712 0.9984797721657273 0.0404431442781648
vn 0.03744992198620712 0.9984797721657273 0.0404431442781648
vn 0.03744992198620712 0.9984797721657273 0.0404431442781648
vn 0.03923684657839739 0.9984289817291231 0.04000047892125488
vn 0.03923684657839739 0.9984289817291231 0.04000047892125488
vn 0.03923684657839739 0.9984289817291231 0.04000047892125488
vn 0.0419859658987594 0.998358538974127 0.038953899997240124
vn 0.0419859658987594 0.998358538974127 0.038953899997240124
vn 0.0419859658987594 0.998358538974127 0.038953899997240124
vn 0.03973943771059233 0.9984175640566821 0.039788753103947194
vn 0.03973943771059233 0.9984175640566821 0.039788753103947194
vn 0.03973943771059233 0.9984175640566821 0.039788753103947194
vn -0.8403583811003 0 0.5420311719029477
vn -0.8403583811003 0 0.5420311719029477
vn -0.8403583811003 0 0.5420311719029477
vn 0.03745822594016751 0.9984536728478163 0.04107486440782881
vn 0.03745822594016751 0.9984536728478163 0.04107486440782881
vn 0.03745822594016751 0.9984536728478163 0.04107486440782881
vn 0.04247654804320487 0.9983535325596519 0.03854824110121779
vn 0.04247654804320487 0.9983535325596519 0.03854824110121779
vn 0.04247654804320487 0.9983535325596519 0.03854824110121779
vn 0.04044550581138979 0.9984003117499417 0.03950922116772109
vn 0.04044550581138979 0.9984003117499417 0.03950922116772109
vn 0.04044550581138979 0.9984003117499417 0.03950922116772109
vn 0.03945112909460584 0.9984029369534637 0.04043740713570647
vn 0.03945112909460584 0.9984029369534637 0.04043740713570647
vn 0.03945112909460584 0.9984029369534637 0.04043740713570647
vn 0.03998707206744529 0.9983997536733199 0.03998707206744529
vn 0.03998707206744529 0.9983997536733199 0.03998707206744529
vn 0.03998707206744529 0.9983997536733199 0.03998707206744529
vn 0.04150877462524021 0.9983925380107894 0.03859224887830912
vn 0.04150877462524021 0.9983925380107894 0.03859224887830912
vn 0.04150877462524021 0.9983925380107894 0.03859224887830912
vn 0.04031933379758844 0.9983953606258984 0.03976248486703364
vn 0.04031933379758844 0.9983953606258984 0.03976248486703364
vn 0.04031933379758844 0.9983953606258984 0.03976248486703364
vn 0.04191858682271127 0.9983976455511372 0.03801280622017753
vn 0.04191858682271127 0.9983976455511372 0.03801280622017753
vn 0.04191858682271127 0.9983976455511372 0.03801280622017753
vn -0.6760307024056772 0 0.7368734554893984
vn -0.6760307024056772 0 0.7368734554893984
vn -0.6760307024056772 0 0.7368734554893984
vn -0.6845101710519426 0 0.7290033098185771
vn -0.6845101710519426 0 0.7290033098185771
vn -0.6845101710519426 0 0.7290033098185771
vn 0.040095109615067986 0.9983894855491717 0.04013498884783489
vn 0.040095109615067986 0.9983894855491717 0.04013498884783489
vn 0.040095109615067986 0.9983894855491717 0.04013498884783489
vn 0.040296640793346244 0.9983856217298397 0.040029127693387435
vn 0.040296640793346244 0.9983856217298397 0.040029127693387435
vn 0.040296640793346244 0.9983856217298397 0.040029127693387435
vn -0.6339279355984666 0 0.7733921207691907
vn -0.6339279355984666 0 0.7733921207691907
vn -0.6339279355984666 0 0.7733921207691907
vn 0.04029967920655066 0.9983735463205625 0.04032614366825473
vn 0.04029967920655066 0.9983735463205625 0.04032614366825473
vn 0.04029967920655066 0.9983735463205625 0.04032614366825473
vn -0.6481186162898361 0 0.7615394009626476
vn -0.6481186162898361 0 0.7615394009626476
vn -0.6481186162898361 0 0.7615394009626476
vn 0.04088490800137406 0.9984127808973315 0.038734264399574246
vn 0.04088490800137406 0.9984127808973315 0.038734264399574246
vn 0.04088490800137406 0.9984127808973315 0.038734264399574246
vn -0.04377543907101385 -0.9982795671689513 -0.03900790570014232
vn -0.04377543907101385 -0.9982795671689513 -0.03900790570014232
vn -0.04377543907101385 -0.9982795671689513 -0.03900790570014232
vn 0.04148578288949598 0.9984114212623291 0.03812563063060831
vn 0.04148578288949598 0.9984114212623291 0.03812563063060831
vn 0.04148578288949598 0.9984114212623291 0.03812563063060831
vn 0.040722775916780994 0.9983976691608387 0.03929058075208644
vn 0.040722775916780994 0.9983976691608387 0.03929058075208644
vn 0.040722775916780994 0.9983976691608387 0.03929058075208644
vn -0.03806333891673833 -0.9984897120047022 -0.03961662846932632
vn -0.03806333891673833 -0.9984897120047022 -0.03961662846932632
vn -0.03806333891673833 -0.9984897120047022 -0.03961662846932632
vn 0.04076636139787783 0.9983977503277489 0.039243291386776194
vn 0.04076636139787783 0.9983977503277489 0.039243291386776194
vn 0.04076636139787783 0.9983977503277489 0.039243291386776194
vn -0.35189457709455624 0 0.9360396394445287
vn -0.35189457709455624 0 0.9360396394445287
vn -0.35189457709455624 0 0.9360396394445287
vn -0.037275851218142926 -0.9985166311334316 -0.03968687775456031
vn -0.037275851218142926 -0.9985166311334316 -0.03968687775456031
vn -0.037275851218142926 -0.9985166311334316 -0.03968687775456031
vn -0.3675849496217638 0 0.9299899487691066
vn -0.3675849496217638 0 0.9299899487691066
vn -0.3675849496217638 0 0.9299899487691066
vn -0.38257705242331885 0 0.9239235893509187
vn -0.38257705242331885 0 0.9239235893509187
vn -0.38257705242331885 0 0.9239235893509187
vn 0.0407974858982055 0.9983952992060569 0.03927329458593562
vn 0.0407974858982055 0.9983952992060569 0.03927329458593562
vn 0.0407974858982055 0.9983952992060569 0.03927329458593562
vn -0.39727293382333556 0 0.9177005045500409
vn -0.39727293382333556 0 0.9177005045500409
vn -0.39727293382333556 0 0.9177005045500409
vn 0.03925453028653475 0.9983823050726183 0.041132162231867476
vn 0.03925453028653475 0.9983823050726183 0.041132162231867476
vn 0.03925453028653475 0.9983823050726183 0.041132162231867476
vn 0.040669481536040684 0.9983935788863041 0.039449396829189146
vn 0.040669481536040684 0.9983935788863041 0.039449396829189146
vn 0.040669481536040684 0.9983935788863041 0.039449396829189146
vn 0.04115710866758725 0.9983877750034229 0.03908891313197305
vn 0.04115710866758725 0.9983877750034229 0.03908891313197305
vn 0.04115710866758725 0.9983877750034229 0.03908891313197305
vn 0.04178624999197676 0.9983786407835249 0.038652282453297854
vn 0.04178624999197676 0.9983786407835249 0.038652282453297854
vn 0.04178624999197676 0.9983786407835249 0.038652282453297854
vn 0.03989835141369915 0.9984066631209325 0.03990308998302754
vn 0.03989835141369915 0.9984066631209325 0.03990308998302754
vn 0.03989835141369915 0.9984066631209325 0.03990308998302754
vn 0.03936873709128707 0.9984146851770502 0.04022709239615557
vn 0.03936873709128707 0.9984146851770502 0.04022709239615557
vn 0.03936873709128707 0.9984146851770502 0.04022709239615557
vn 0.04410183374631019 0.9983234876864802 0.03748656017447976
vn 0.04410183374631019 0.9983234876864802 0.03748656017447976
vn 0.04410183374631019 0.9983234876864802 0.03748656017447976
vn -0.5037144244210537 0 0.8638702325176894
vn -0.5037144244210537 0 0.8638702325176894
vn -0.5037144244210537 0 0.8638702325176894
vn 0.0403646296783331 0.9983726531621773 0.040283273065202095
vn 0.0403646296783331 0.9983726531621773 0.040283273065202095
vn 0.0403646296783331 0.9983726531621773 0.040283273065202095
vn -0.5160126153532225 0 0.8565809832096013
vn -0.5160126153532225 0 0.8565809832096013
vn -0.5160126153532225 0 0.8565809832096013
vn 0.04048177267443625 0.9983483651741554 0.04076478670650176
vn 0.04048177267443625 0.9983483651741554 0.04076478670650176
vn 0.04048177267443625 0.9983483651741554 0.04076478670650176
vn 0.8074905923978036 -0.028717259128733144 0.5891810097221203
vn 0.8074905923978036 -0.028717259128733144 0.5891810097221203
vn 0.8074905923978036 -0.028717259128733144 0.5891810097221203
vn 0.04062157749250645 0.9983909430991581 0.03956529008605578
vn 0.04062157749250645 0.9983909430991581 0.03956529008605578
vn 0.04062157749250645 0.9983909430991581 0.03956529008605578
vn 0.0405984968427558 0.9983687412635252 0.040144968825413324
vn 0.0405984968427558 0.9983687412635252 0.040144968825413324
vn 0.0405984968427558 0.9983687412635252 0.040144968825413324
vn 0.04068286295310948 0.9984094657907849 0.03903131154980354
vn 0.04068286295310948 0.9984094657907849 0.03903131154980354
vn 0.04068286295310948 0.9984094657907849 0.03903131154980354
vn 0.8228692670760581 -0.029010924012759627 0.5674896788397449
vn 0.8228692670760581 -0.029010924012759627 0.5674896788397449
vn 0.8228692670760581 -0.029010924012759627 0.5674896788397449
vn 0.04063295948118622 0.9983872181589013 0.03964751216319541
vn 0.04063295948118622 0.9983872181589013 0.03964751216319541
vn 0.04063295948118622 0.9983872181589013 0.03964751216319541
vn -0.5717343640290912 0 0.8204387953944222
vn -0.5717343640290912 0 0.8204387953944222
vn -0.5717343640290912 0 0.8204387953944222
vn 0.04071488653469977 0.9984209062894926 0.038703900301324964
vn 0.04071488653469977 0.9984209062894926 0.038703900301324964
vn 0.04071488653469977 0.9984209062894926 0.038703900301324964
vn 0.8267794951450542 -0.02908404953096186 0.5617737840719962
vn 0.8267794951450542 -0.02908404953096186 0.5617737840719962
vn 0.8267794951450542 -0.02908404953096186 0.5617737840719962
vn -0.5839969976450392 0 0.8117558171898616
vn -0.5839969976450392 0 0.8117558171898616
vn -0.5839969976450392 0 0.8117558171898616
vn 0.04083633838194912 0.9984999999782239 0.03647113257141219
vn 0.04083633838194912 0.9984999999782239 0.03647113257141219
vn 0.04083633838194912 0.9984999999782239 0.03647113257141219
vn 0.04053517062891853 0.9982734608037261 0.042508791996901996
vn 0.04053517062891853 0.9982734608037261 0.042508791996901996
vn 0.04053517062891853 0.9982734608037261 0.042508791996901996
vn 0.0406418182582683 0.9983298197885953 0.04105865961685764
vn 0.0406418182582683 0.9983298197885953 0.04105865961685764
vn 0.0406418182582683 0.9983298197885953 0.04105865961685764
vn 0.04065413744144972 0.9983717728178452 0.040013052238547064
vn 0.04065413744144972 0.9983717728178452 0.040013052238547064
vn 0.04065413744144972 0.9983717728178452 0.040013052238547064
vn 0.04074079078532533 0.998491383821799 0.036812285990075175
vn 0.04074079078532533 0.998491383821799 0.036812285990075175
vn 0.04074079078532533 0.998491383821799 0.036812285990075175
vn -0.3675849496217638 0 0.9299899487691066
vn -0.3675849496217638 0 0.9299899487691066
vn -0.3675849496217638 0 0.9299899487691066
vn 0.0407362207500227 0.9984091196699427 0.03898448510491375
vn 0.0407362207500227 0.9984091196699427 0.03898448510491375
vn 0.0407362207500227 0.9984091196699427 0.03898448510491375
vn -0.38257705242331885 0 0.9239235893509187
vn -0.38257705242331885 0 0.9239235893509187
vn -0.38257705242331885 0 0.9239235893509187
vn 0.040722948733928184 0.9984067368329557 0.03905930481950721
vn 0.040722948733928184 0.9984067368329557 0.03905930481950721
vn 0.040722948733928184 0.9984067368329557 0.03905930481950721
vn 0.04071115291241758 0.9984036589324536 0.03915017061049314
vn 0.04071115291241758 0.9984036589324536 0.03915017061049314
vn 0.04071115291241758 0.9984036589324536 0.03915017061049314
vn 0.040445428140050095 0.9983667085480787 0.04034950564063307
vn 0.040445428140050095 0.9983667085480787 0.04034950564063307
vn 0.040445428140050095 0.9983667085480787 0.04034950564063307
vn 0.8209480521509445 -0.02892932997949354 0.5702695761975275
vn 0.8209480521509445 -0.02892932997949354 0.5702695761975275
vn 0.8209480521509445 -0.02892932997949354 0.5702695761975275
vn -0.42661867157328276 0 0.9044315944641956
vn -0.42661867157328276 0 0.9044315944641956
vn -0.42661867157328276 0 0.9044315944641956
vn -0.4392889192711843 0 0.8983458384194558
vn -0.4392889192711843 0 0.8983458384194558
vn -0.4392889192711843 0 0.8983458384194558
vn 0.04106373283045105 0.9984382848804202 0.037878240865624725
vn 0.04106373283045105 0.9984382848804202 0.037878240865624725
vn 0.04106373283045105 0.9984382848804202 0.037878240865624725
vn 0.04181644950783824 0.9983691895194273 0.0388631698254287
vn 0.04181644950783824 0.9983691895194273 0.0388631698254287
vn 0.04181644950783824 0.9983691895194273 0.0388631698254287
vn 0.8171029731423456 -0.02885670416869979 0.5757690699459808
vn 0.8171029731423456 -0.02885670416869979 0.5757690699459808
vn 0.8171029731423456 -0.02885670416869979 0.5757690699459808
vn 0.0411932650206459 0.998380709775944 0.039231024256589656
vn 0.0411932650206459 0.998380709775944 0.039231024256589656
vn 0.0411932650206459 0.998380709775944 0.039231024256589656
vn -0.9629640181665834 0 0.2696299310471079
vn -0.9629640181665834 0 0.2696299310471079
vn -0.9629640181665834 0 0.2696299310471079
vn -0.15239608510739128 0.9875599290351399 0.03874041569278734
vn -0.15239608510739128 0.9875599290351399 0.03874041569278734
vn -0.15239608510739128 0.9875599290351399 0.03874041569278734
vn 0.8151794587856961 -0.02886525884273828 0.578488761175013
vn 0.8151794587856961 -0.02886525884273828 0.578488761175013
vn 0.8151794587856961 -0.02886525884273828 0.578488761175013
vn -0.9678225056269975 0 0.251633856231391
vn -0.9678225056269975 0 0.251633856231391
vn -0.9678225056269975 0 0.251633856231391
vn -0.014230574896003738 0.9991223507296235 0.039395672486208046
vn -0.014230574896003738 0.9991223507296235 0.039395672486208046
vn -0.014230574896003738 0.9991223507296235 0.039395672486208046
vn -0.005826865869663812 0.9992025037626022 0.039501950694666464
vn -0.005826865869663812 0.9992025037626022 0.039501950694666464
vn -0.005826865869663812 0.9992025037626022 0.039501950694666464
vn -0.937861844039096 0 0.3470088781221405
vn -0.937861844039096 0 0.3470088781221405
vn -0.937861844039096 0 0.3470088781221405
vn 0.051942766380578584 0.9978748688250936 0.03934075733936682
vn 0.051942766380578584 0.9978748688250936 0.03934075733936682
vn 0.051942766380578584 0.9978748688250936 0.03934075733936682
vn 0.04438168561786103 0.9982383265333187 0.03937650850033613
vn 0.04438168561786103 0.9982383265333187 0.03937650850033613
vn 0.04438168561786103 0.9982383265333187 0.03937650850033613
vn 0.04049374508352967 0.9984027353512233 0.03939840926110285
vn 0.04049374508352967 0.9984027353512233 0.03939840926110285
vn 0.04049374508352967 0.9984027353512233 0.03939840926110285
vn 0.0372646750877148 0.9985276108255277 0.039420228432500426
vn 0.0372646750877148 0.9985276108255277 0.039420228432500426
vn 0.0372646750877148 0.9985276108255277 0.039420228432500426
vn -0.9551573280287717 0 0.2960987651324084
vn -0.9551573280287717 0 0.2960987651324084
vn -0.9551573280287717 0 0.2960987651324084
vn 0.0739488435163034 0.9964868190370513 0.03931396734012409
vn 0.0739488435163034 0.9964868190370513 0.03931396734012409
vn 0.0739488435163034 0.9964868190370513 0.03931396734012409
vn 0.08058515323835122 0.9959730073974624 0.039291240922194715
vn 0.08058515323835122 0.9959730073974624 0.039291240922194715
vn 0.08058515323835122 0.9959730073974624 0.039291240922194715
vn 0.032187509501037104 0.9987025614719035 0.0394608406091328
vn 0.032187509501037104 0.9987025614719035 0.0394608406091328
vn 0.032187509501037104 0.9987025614719035 0.0394608406091328
vn -0.8706439108215541 0 0.49191379381894723
vn -0.8706439108215541 0 0.49191379381894723
vn -0.8706439108215541 0 0.49191379381894723
vn 0.039629562628585066 0.9984348149107035 0.03946413739201901
vn 0.039629562628585066 0.9984348149107035 0.03946413739201901
vn 0.039629562628585066 0.9984348149107035 0.03946413739201901
vn 0.04038213645715736 0.9984055358699281 0.03944197002480146
vn 0.04038213645715736 0.9984055358699281 0.03944197002480146
vn 0.04038213645715736 0.9984055358699281 0.03944197002480146
vn 0.044676816906074814 0.9982270364362977 0.039328943015893666
vn 0.044676816906074814 0.9982270364362977 0.039328943015893666
vn 0.044676816906074814 0.9982270364362977 0.039328943015893666
vn -0.896212437749266 0 0.4436251417847258
vn -0.896212437749266 0 0.4436251417847258
vn -0.896212437749266 0 0.4436251417847258
vn 0.048942892868120584 0.9980304658718762 0.039240061534936664
vn 0.048942892868120584 0.9980304658718762 0.039240061534936664
vn 0.048942892868120584 0.9980304658718762 0.039240061534936664
vn 0.03406586074439453 0.9986320584361725 0.03966773241914019
vn 0.03406586074439453 0.9986320584361725 0.03966773241914019
vn 0.03406586074439453 0.9986320584361725 0.03966773241914019
vn 0.049254285931742296 0.9980250214799455 0.03898809840590247
vn 0.049254285931742296 0.9980250214799455 0.03898809840590247
vn 0.049254285931742296 0.9980250214799455 0.03898809840590247
vn -0.8872168026984372 0 0.46135273382690867
vn -0.8872168026984372 0 0.46135273382690867
vn -0.8872168026984372 0 0.46135273382690867
vn 0.036305486638667894 0.9985567189049122 0.039577654930347914
vn 0.036305486638667894 0.9985567189049122 0.039577654930347914
vn 0.036305486638667894 0.9985567189049122 0.039577654930347914
vn -0.019072442876967546 0.999041895565356 0.039389501493223955
vn -0.019072442876967546 0.999041895565356 0.039389501493223955
vn -0.019072442876967546 0.999041895565356 0.039389501493223955
vn 0.03755597710928407 0.9985122724677973 0.03953214280256259
vn 0.03755597710928407 0.9985122724677973 0.03953214280256259
vn 0.03755597710928407 0.9985122724677973 0.03953214280256259
vn 0.03888992236573889 0.9984605590141072 0.039548527553165805
vn 0.03888992236573889 0.9984605590141072 0.039548527553165805
vn 0.03888992236573889 0.9984605590141072 0.039548527553165805
vn 0.040706033580790536 0.9983936261524182 0.03941048196031821
vn 0.040706033580790536 0.9983936261524182 0.03941048196031821
vn 0.040706033580790536 0.9983936261524182 0.03941048196031821
vn -0.9604291360681804 0 0.27852445959256195
vn -0.9604291360681804 0 0.27852445959256195
vn -0.9604291360681804 0 0.27852445959256195
vn 0.03806333891673833 0.9984897120047022 0.03961662846932632
vn 0.03806333891673833 0.9984897120047022 0.03961662846932632
vn 0.03806333891673833 0.9984897120047022 0.03961662846932632
vn 0.03667993119383359 0.9985334511972142 0.03981870776150722
vn 0.03667993119383359 0.9985334511972142 0.03981870776150722
vn 0.03667993119383359 0.9985334511972142 0.03981870776150722
vn 0.044321179094507834 0.9982548885558811 0.039023205377802433
vn 0.044321179094507834 0.9982548885558811 0.039023205377802433
vn 0.044321179094507834 0.9982548885558811 0.039023205377802433
vn -0.9332252976332515 0 0.3592917252836885
vn -0.9332252976332515 0 0.3592917252836885
vn -0.9332252976332515 0 0.3592917252836885
vn 0.034780378893435084 0.9985903956492349 0.04009422603235317
vn 0.034780378893435084 0.9985903956492349 0.04009422603235317
vn 0.034780378893435084 0.9985903956492349 0.04009422603235317
vn -0.937861844039096 0 0.3470088781221405
vn -0.937861844039096 0 0.3470088781221405
vn -0.937861844039096 0 0.3470088781221405
vn 0.042623805583629625 0.9983239497965971 0.03914718968317308
vn 0.042623805583629625 0.9983239497965971 0.03914718968317308
vn 0.042623805583629625 0.9983239497965971 0.03914718968317308
vn 0.03870416464547966 0.9984614335411871 0.03970835390661708
vn 0.03870416464547966 0.9984614335411871 0.03970835390661708
vn 0.03870416464547966 0.9984614335411871 0.03970835390661708
vn 0.04120107674295996 0.9983764131200052 0.03933203530016675
vn 0.04120107674295996 0.9983764131200052 0.03933203530016675
vn 0.04120107674295996 0.9983764131200052 0.03933203530016675
vn 0.03959102185624051 0.9984323044109797 0.03956620397459457
vn 0.03959102185624051 0.9984323044109797 0.03956620397459457
vn 0.03959102185624051 0.9984323044109797 0.03956620397459457
vn 0.04053526998752277 0.9984000034506966 0.03942492861994361
vn 0.04053526998752277 0.9984000034506966 0.03942492861994361
vn 0.04053526998752277 0.9984000034506966 0.03942492861994361
vn 0.04759897025232879 0.9981140716833574 0.03876387414316992
vn 0.04759897025232879 0.9981140716833574 0.03876387414316992
vn 0.04759897025232879 0.9981140716833574 0.03876387414316992
vn 0.03745775615223856 0.9984969351210401 0.040009837014522646
vn 0.03745775615223856 0.9984969351210401 0.040009837014522646
vn 0.03745775615223856 0.9984969351210401 0.040009837014522646
vn -0.8612692622858219 0 0.5081488540198
vn -0.8612692622858219 0 0.5081488540198
vn -0.8612692622858219 0 0.5081488540198
vn 0.00031519854986094046 0.00774054860257844 -0.9999699918283576
vn 0.00031519854986094046 0.00774054860257844 -0.9999699918283576
vn 0.00031519854986094046 0.00774054860257844 -0.9999699918283576
vn 0.03893354967312981 0.9984451089368755 0.039894149318925896
vn 0.03893354967312981 0.9984451089368755 0.039894149318925896
vn 0.03893354967312981 0.9984451089368755 0.039894149318925896
vn 0.041235382776708636 0.9983760805338634 0.03930451659923126
vn 0.041235382776708636 0.9983760805338634 0.03930451659923126
vn 0.041235382776708636 0.9983760805338634 0.03930451659923126
vn 0.04050211542987841 0.9983991819283784 0.03947976912862402
vn 0.04050211542987841 0.9983991819283784 0.03947976912862402
vn 0.04050211542987841 0.9983991819283784 0.03947976912862402
vn -0.8762159137104364 0 0.4819187406198113
vn -0.8762159137104364 0 0.4819187406198113
vn -0.8762159137104364 0 0.4819187406198113
vn 0.04227469408117208 0.9983417513162306 0.03907170100194197
vn 0.04227469408117208 0.9983417513162306 0.03907170100194197
vn 0.04227469408117208 0.9983417513162306 0.03907170100194197
vn 0.03980731548433194 0.9984201084632176 0.039656836109646994
vn 0.03980731548433194 0.9984201084632176 0.039656836109646994
vn 0.03980731548433194 0.9984201084632176 0.039656836109646994
vn -0.9119215007140519 0 0.4103646872422523
vn -0.9119215007140519 0 0.4103646872422523
vn -0.9119215007140519 0 0.4103646872422523
vn -0.9119215007140519 0 0.4103646872422523
vn -0.9119215007140519 0 0.4103646872422523
vn -0.9119215007140519 0 0.4103646872422523
vn 0.04383421664608544 0.9982976604917 0.038475219399276214
vn 0.04383421664608544 0.9982976604917 0.038475219399276214
vn 0.04383421664608544 0.9982976604917 0.038475219399276214
vn -0.9186691787115252 0 0.3950277712838574
vn -0.9186691787115252 0 0.3950277712838574
vn -0.9186691787115252 0 0.3950277712838574
vn 0.04282415638905394 0.9983228399990365 0.03895637002884414
vn 0.04282415638905394 0.9983228399990365 0.03895637002884414
vn 0.04282415638905394 0.9983228399990365 0.03895637002884414
vn 0.00031519854986094046 0.00774054860257844 -0.9999699918283576
vn 0.00031519854986094046 0.00774054860257844 -0.9999699918283576
vn 0.00031519854986094046 0.00774054860257844 -0.9999699918283576
vn -0.9050237054211158 0 0.42536113201118114
vn -0.9050237054211158 0 0.42536113201118114
vn -0.9050237054211158 0 0.42536113201118114
vn 0.7449322217472818 -0.027398008391986705 0.6665773279513874
vn 0.7449322217472818 -0.027398008391986705 0.6665773279513874
vn 0.7449322217472818 -0.027398008391986705 0.6665773279513874
vn 0.7523584364526439 -0.02759853377454687 0.6581755875387878
vn 0.7523584364526439 -0.02759853377454687 0.6581755875387878
vn 0.7523584364526439 -0.02759853377454687 0.6581755875387878
vn -0.7980805187400829 0 0.6025508157886441
vn -0.7980805187400829 0 0.6025508157886441
vn -0.7980805187400829 0 0.6025508157886441
vn 0.7067890900255287 -0.02664648048065296 0.7069223064091833
vn 0.7067890900255287 -0.02664648048065296 0.7069223064091833
vn 0.7067890900255287 -0.02664648048065296 0.7069223064091833
vn -0.8057640844806485 0 0.592236642028389
vn -0.8057640844806485 0 0.592236642028389
vn -0.8057640844806485 0 0.592236642028389
vn -0.8115343312766237 0 0.5843047399768407
vn -0.8115343312766237 0 0.5843047399768407
vn -0.8115343312766237 0 0.5843047399768407
vn 0.6774233523054201 -0.02598565236381352 0.7351342378249799
vn 0.6774233523054201 -0.02598565236381352 0.7351342378249799
vn 0.6774233523054201 -0.02598565236381352 0.7351342378249799
vn 0.689351839157101 -0.02625622347202131 0.7239507252428922
vn 0.689351839157101 -0.02625622347202131 0.7239507252428922
vn 0.689351839157101 -0.02625622347202131 0.7239507252428922
vn -0.8384436299185697 0 0.5449883296447481
vn -0.8384436299185697 0 0.5449883296447481
vn -0.8384436299185697 0 0.5449883296447481
vn 0.6980794837340659 -0.02645235945302822 0.7155314857285792
vn 0.6980794837340659 -0.02645235945302822 0.7155314857285792
vn 0.6980794837340659 -0.02645235945302822 0.7155314857285792
vn 0.6980794837340659 -0.02645235945302822 0.7155314857285792
vn 0.6980794837340659 -0.02645235945302822 0.7155314857285792
vn 0.6980794837340659 -0.02645235945302822 0.7155314857285792
vn 0.7068556457221172 -0.026649431917717507 0.7068556457221172
vn 0.7068556457221172 -0.026649431917717507 0.7068556457221172
vn 0.7068556457221172 -0.026649431917717507 0.7068556457221172
vn 0.7175329800987575 -0.026845417457927456 0.6960070014246307
vn 0.7175329800987575 -0.026845417457927456 0.6960070014246307
vn 0.7175329800987575 -0.026845417457927456 0.6960070014246307
vn -0.7904150550612163 0 0.6125716617119781
vn -0.7904150550612163 0 0.6125716617119781
vn -0.7904150550612163 0 0.6125716617119781
vn 0.724825981820669 -0.027004504708271496 0.6884025368947765
vn 0.724825981820669 -0.027004504708271496 0.6884025368947765
vn 0.724825981820669 -0.027004504708271496 0.6884025368947765
vn -0.8574929362310107 0 0.5144957378967482
vn -0.8574929362310107 0 0.5144957378967482
vn -0.8574929362310107 0 0.5144957378967482
vn -0.7657048542218083 0 0.6431920990039907
vn -0.7657048542218083 0 0.6431920990039907
vn -0.7657048542218083 0 0.6431920990039907
vn 0.6382893200411576 -0.025043772049026244 0.7693890780372132
vn 0.6382893200411576 -0.025043772049026244 0.7693890780372132
vn 0.6382893200411576 -0.025043772049026244 0.7693890780372132
vn 0.6152802144270405 -0.0245336761213211 0.7879266187092482
vn 0.6152802144270405 -0.0245336761213211 0.7879266187092482
vn 0.6152802144270405 -0.0245336761213211 0.7879266187092482
vn 0.6243829132614847 -0.024750489747463973 0.7807261945678282
vn 0.6243829132614847 -0.024750489747463973 0.7807261945678282
vn 0.6243829132614847 -0.024750489747463973 0.7807261945678282
vn -0.7904150550612163 0 0.6125716617119781
vn -0.7904150550612163 0 0.6125716617119781
vn -0.7904150550612163 0 0.6125716617119781
vn 0.6367232682752737 -0.025042255399501785 0.7706856460849391
vn 0.6367232682752737 -0.025042255399501785 0.7706856460849391
vn 0.6367232682752737 -0.025042255399501785 0.7706856460849391
vn 0.6690476051599265 -0.025793999861054073 0.7427718166442069
vn 0.6690476051599265 -0.025793999861054073 0.7427718166442069
vn 0.6690476051599265 -0.025793999861054073 0.7427718166442069
vn 0.6690476051599265 -0.025793999861054073 0.7427718166442069
vn 0.6690476051599265 -0.025793999861054073 0.7427718166442069
vn 0.6690476051599265 -0.025793999861054073 0.7427718166442069
vn -0.9995518345623382 0.02993541589068408 0.000029975257404840034
vn -0.9995518345623382 0.02993541589068408 0.000029975257404840034
vn -0.9995518345623382 0.02993541589068408 0.000029975257404840034
vn -0.7581851910077058 0 0.6520392749954628
vn -0.7581851910077058 0 0.6520392749954628
vn -0.7581851910077058 0 0.6520392749954628
vn 0.7430831910334643 -0.02739973004597564 0.668637888544264
vn 0.7430831910334643 -0.02739973004597564 0.668637888544264
vn 0.7430831910334643 -0.02739973004597564 0.668637888544264
vn -0.7213873257953528 0 0.6925318232267955
vn -0.7213873257953528 0 0.6925318232267955
vn -0.7213873257953528 0 0.6925318232267955
vn 0.7522900724539133 -0.027595561085651397 0.6582538506500772
vn 0.7522900724539133 -0.027595561085651397 0.6582538506500772
vn 0.7522900724539133 -0.027595561085651397 0.6582538506500772
vn -0.7396053003857435 0 0.673040860305906
vn -0.7396053003857435 0 0.673040860305906
vn -0.7396053003857435 0 0.673040860305906
vn -0.703580134364216 0 0.7106159261711151
vn -0.703580134364216 0 0.7106159261711151
vn -0.703580134364216 0 0.7106159261711151
vn 0.7356587512702734 -0.027199498807380283 0.6768060201742369
vn 0.7356587512702734 -0.027199498807380283 0.6768060201742369
vn 0.7356587512702734 -0.027199498807380283 0.6768060201742369
vn -0.7124298215136856 0 0.701743364356214
vn -0.7124298215136856 0 0.701743364356214
vn -0.7124298215136856 0 0.701743364356214
vn 0.6774233523054201 -0.02598565236381352 0.7351342378249799
vn 0.6774233523054201 -0.02598565236381352 0.7351342378249799
vn 0.6774233523054201 -0.02598565236381352 0.7351342378249799
vn 0.689351839157101 -0.02625622347202131 0.7239507252428922
vn 0.689351839157101 -0.02625622347202131 0.7239507252428922
vn 0.689351839157101 -0.02625622347202131 0.7239507252428922
vn -0.8518045006619386 0 0.5238598024777864
vn -0.8518045006619386 0 0.5238598024777864
vn -0.8518045006619386 0 0.5238598024777864
vn 0.7193265670460566 -0.02692446900051001 0.694150101138634
vn 0.7193265670460566 -0.02692446900051001 0.694150101138634
vn 0.7193265670460566 -0.02692446900051001 0.694150101138634
vn 0.724802434390659 -0.027004513887547866 0.6884273290123454
vn 0.724802434390659 -0.027004513887547866 0.6884273290123454
vn 0.724802434390659 -0.027004513887547866 0.6884273290123454
vn -0.826926502069528 0 0.562310021407279
vn -0.826926502069528 0 0.562310021407279
vn -0.826926502069528 0 0.562310021407279
vn 0.7338278150995646 -0.02720066107101148 0.6787907349275616
vn 0.7338278150995646 -0.02720066107101148 0.6787907349275616
vn 0.7338278150995646 -0.02720066107101148 0.6787907349275616
vn -0.8384436299185697 0 0.5449883296447481
vn -0.8384436299185697 0 0.5449883296447481
vn -0.8384436299185697 0 0.5449883296447481
vn 0.6461914864384797 -0.025228606875201603 0.7627582056258488
vn 0.6461914864384797 -0.025228606875201603 0.7627582056258488
vn 0.6461914864384797 -0.025228606875201603 0.7627582056258488
vn -0.8403583811003 0 0.5420311719029477
vn -0.8403583811003 0 0.5420311719029477
vn -0.8403583811003 0 0.5420311719029477
vn 0.6006111558233508 -0.024181531966013404 0.7991755082660598
vn 0.6006111558233508 -0.024181531966013404 0.7991755082660598
vn 0.6006111558233508 -0.024181531966013404 0.7991755082660598
vn 0.6152802144270405 -0.0245336761213211 0.7879266187092482
vn 0.6152802144270405 -0.0245336761213211 0.7879266187092482
vn 0.6152802144270405 -0.0245336761213211 0.7879266187092482
vn -0.8211561744800292 0 0.5707035457339684
vn -0.8211561744800292 0 0.5707035457339684
vn -0.8211561744800292 0 0.5707035457339684
vn 0.6478486656943243 -0.025304486974294986 0.7613486647371566
vn 0.6478486656943243 -0.025304486974294986 0.7613486647371566
vn 0.6478486656943243 -0.025304486974294986 0.7613486647371566
vn 0.6574649153274682 -0.025528199732045505 0.7530525852368385
vn 0.6574649153274682 -0.025528199732045505 0.7530525852368385
vn 0.6574649153274682 -0.025528199732045505 0.7530525852368385
vn -0.782774371994297 0 0.6223056182848857
vn -0.782774371994297 0 0.6223056182848857
vn -0.782774371994297 0 0.6223056182848857
vn 0.9732221226329586 -0.030901545218483678 0.22778014514199543
vn 0.9732221226329586 -0.030901545218483678 0.22778014514199543
vn 0.9732221226329586 -0.030901545218483678 0.22778014514199543
vn -0.7469970560381102 0 0.6648273447071777
vn -0.7469970560381102 0 0.6648273447071777
vn -0.7469970560381102 0 0.6648273447071777
vn 0.9742932354477399 -0.03084415022136384 0.22316211541813477
vn 0.9742932354477399 -0.03084415022136384 0.22316211541813477
vn 0.9742932354477399 -0.03084415022136384 0.22316211541813477
vn 0.019072442876967546 -0.999041895565356 -0.039389501493223955
vn 0.019072442876967546 -0.999041895565356 -0.039389501493223955
vn 0.019072442876967546 -0.999041895565356 -0.039389501493223955
vn -0.7322716700389288 0 0.6810126292943459
vn -0.7322716700389288 0 0.6810126292943459
vn -0.7322716700389288 0 0.6810126292943459
vn 0.9494061626441692 -0.03083873032174773 0.31253305592435493
vn 0.9494061626441692 -0.03083873032174773 0.31253305592435493
vn 0.9494061626441692 -0.03083873032174773 0.31253305592435493
vn 0.9535651136639495 -0.030863780300669448 0.29960140364926685
vn 0.9535651136639495 -0.030863780300669448 0.29960140364926685
vn 0.9535651136639495 -0.030863780300669448 0.29960140364926685
vn -0.7396053003857435 0 0.673040860305906
vn -0.7396053003857435 0 0.673040860305906
vn -0.7396053003857435 0 0.673040860305906
vn 0.9614899873238124 -0.030897179999961204 0.2730977270943593
vn 0.9614899873238124 -0.030897179999961204 0.2730977270943593
vn 0.9614899873238124 -0.030897179999961204 0.2730977270943593
vn 0.9614899873238124 -0.030897179999961204 0.2730977270943593
vn 0.9614899873238124 -0.030897179999961204 0.2730977270943593
vn 0.9614899873238124 -0.030897179999961204 0.2730977270943593
vn 0.9664022795949117 -0.030906343427841106 0.2551694180925266
vn 0.9664022795949117 -0.030906343427841106 0.2551694180925266
vn 0.9664022795949117 -0.030906343427841106 0.2551694180925266
vn 0.9721328350377507 -0.03090435368271961 0.23238474985445792
vn 0.9721328350377507 -0.03090435368271961 0.23238474985445792
vn 0.9721328350377507 -0.03090435368271961 0.23238474985445792
vn 0.9465575729357026 -0.03081902461426704 0.3210591049011028
vn 0.9465575729357026 -0.03081902461426704 0.3210591049011028
vn 0.9465575729357026 -0.03081902461426704 0.3210591049011028
vn 0.9614493828637916 -0.030897064075813174 0.27324065514181717
vn 0.9614493828637916 -0.030897064075813174 0.27324065514181717
vn 0.9614493828637916 -0.030897064075813174 0.27324065514181717
vn 0.9614493828637916 -0.030897064075813174 0.27324065514181717
vn 0.9614493828637916 -0.030897064075813174 0.27324065514181717
vn 0.9614493828637916 -0.030897064075813174 0.27324065514181717
vn 0.9048395222657526 -0.03039036312905867 0.4246667690963921
vn 0.9048395222657526 -0.03039036312905867 0.4246667690963921
vn 0.9048395222657526 -0.03039036312905867 0.4246667690963921
vn -0.9284766929405919 0 0.37139067121577224
vn -0.9284766929405919 0 0.37139067121577224
vn -0.9284766929405919 0 0.37139067121577224
vn -0.9332252976332515 0 0.3592917252836885
vn -0.9332252976332515 0 0.3592917252836885
vn -0.9332252976332515 0 0.3592917252836885
vn -0.9453227403477283 0 0.32613634661205915
vn -0.9453227403477283 0 0.32613634661205915
vn -0.9453227403477283 0 0.32613634661205915
vn -0.9524241527358948 0 0.3047757098020003
vn -0.9524241527358948 0 0.3047757098020003
vn -0.9524241527358948 0 0.3047757098020003
vn -0.9524241527358948 0 0.3047757098020003
vn -0.9524241527358948 0 0.3047757098020003
vn -0.9524241527358948 0 0.3047757098020003
vn -0.9551573280287717 0 0.2960987651324084
vn -0.9551573280287717 0 0.2960987651324084
vn -0.9551573280287717 0 0.2960987651324084
vn -0.042623805583629625 -0.9983239497965971 -0.03914718968317308
vn -0.042623805583629625 -0.9983239497965971 -0.03914718968317308
vn -0.042623805583629625 -0.9983239497965971 -0.03914718968317308
vn -0.8706439108215541 0 0.49191379381894723
vn -0.8706439108215541 0 0.49191379381894723
vn -0.8706439108215541 0 0.49191379381894723
vn -0.8762159137104364 0 0.4819187406198113
vn -0.8762159137104364 0 0.4819187406198113
vn -0.8762159137104364 0 0.4819187406198113
vn -0.03928596582334955 -0.9984425448517179 -0.0396118355968485
vn -0.03928596582334955 -0.9984425448517179 -0.0396118355968485
vn -0.03928596582334955 -0.9984425448517179 -0.0396118355968485
vn -0.8835728947903049 0 0.46829364675583723
vn -0.8835728947903049 0 0.46829364675583723
vn -0.8835728947903049 0 0.46829364675583723
vn -0.9032775031992788 0 0.4290568169998896
vn -0.9032775031992788 0 0.4290568169998896
vn -0.9032775031992788 0 0.4290568169998896
vn -0.9050237054211158 0 0.42536113201118114
vn -0.9050237054211158 0 0.42536113201118114
vn -0.9050237054211158 0 0.42536113201118114
vn -0.8518045006619386 0 0.5238598024777864
vn -0.8518045006619386 0 0.5238598024777864
vn -0.8518045006619386 0 0.5238598024777864
vn -0.8115343312766237 0 0.5843047399768407
vn -0.8115343312766237 0 0.5843047399768407
vn -0.8115343312766237 0 0.5843047399768407
vn -0.826926502069528 0 0.562310021407279
vn -0.826926502069528 0 0.562310021407279
vn -0.826926502069528 0 0.562310021407279
vn -0.8211561744800292 0 0.5707035457339684
vn -0.8211561744800292 0 0.5707035457339684
vn -0.8211561744800292 0 0.5707035457339684
vn -0.8574929362310107 0 0.5144957378967482
vn -0.8574929362310107 0 0.5144957378967482
vn -0.8574929362310107 0 0.5144957378967482
vn -0.7657048542218083 0 0.6431920990039907
vn -0.7657048542218083 0 0.6431920990039907
vn -0.7657048542218083 0 0.6431920990039907
vn -0.7713732843919279 0 0.6363829477024113
vn -0.7713732843919279 0 0.6363829477024113
vn -0.7713732843919279 0 0.6363829477024113
vn -0.7713732843919279 0 0.6363829477024113
vn -0.7713732843919279 0 0.6363829477024113
vn -0.7713732843919279 0 0.6363829477024113
vn -0.782774371994297 0 0.6223056182848857
vn -0.782774371994297 0 0.6223056182848857
vn -0.782774371994297 0 0.6223056182848857
vn -0.7469970560381102 0 0.6648273447071777
vn -0.7469970560381102 0 0.6648273447071777
vn -0.7469970560381102 0 0.6648273447071777
vn -0.7581851910077058 0 0.6520392749954628
vn -0.7581851910077058 0 0.6520392749954628
vn -0.7581851910077058 0 0.6520392749954628
vn -0.7213873257953528 0 0.6925318232267955
vn -0.7213873257953528 0 0.6925318232267955
vn -0.7213873257953528 0 0.6925318232267955
vn -0.7322716700389288 0 0.6810126292943459
vn -0.7322716700389288 0 0.6810126292943459
vn -0.7322716700389288 0 0.6810126292943459
vn -0.703580134364216 0 0.7106159261711151
vn -0.703580134364216 0 0.7106159261711151
vn -0.703580134364216 0 0.7106159261711151
vn -0.6760307024056772 0 0.7368734554893984
vn -0.6760307024056772 0 0.7368734554893984
vn -0.6760307024056772 0 0.7368734554893984
vn -0.6845101710519426 0 0.7290033098185771
vn -0.6845101710519426 0 0.7290033098185771
vn -0.6845101710519426 0 0.7290033098185771
vn -0.6948424559974762 0 0.7191619854687784
vn -0.6948424559974762 0 0.7191619854687784
vn -0.6948424559974762 0 0.7191619854687784
vn -0.6948424559974762 0 0.7191619854687784
vn -0.6948424559974762 0 0.7191619854687784
vn -0.6948424559974762 0 0.7191619854687784
vn -0.6038576971761078 0 0.7970921411989759
vn -0.6038576971761078 0 0.7970921411989759
vn -0.6038576971761078 0 0.7970921411989759
vn -0.6156440431289849 0 0.7880243728209149
vn -0.6156440431289849 0 0.7880243728209149
vn -0.6156440431289849 0 0.7880243728209149
vn -0.6156440431289849 0 0.7880243728209149
vn -0.6156440431289849 0 0.7880243728209149
vn -0.6156440431289849 0 0.7880243728209149
vn -0.6262212215263078 0 0.77964542050223
vn -0.6262212215263078 0 0.77964542050223
vn -0.6262212215263078 0 0.77964542050223
vn -0.6262212215263078 0 0.77964542050223
vn -0.6262212215263078 0 0.77964542050223
vn -0.6262212215263078 0 0.77964542050223
vn -0.6339279355984666 0 0.7733921207691907
vn -0.6339279355984666 0 0.7733921207691907
vn -0.6339279355984666 0 0.7733921207691907
vn -0.6481186162898361 0 0.7615394009626476
vn -0.6481186162898361 0 0.7615394009626476
vn -0.6481186162898361 0 0.7615394009626476
vn -0.6545566940709427 0 0.7560129193650849
vn -0.6545566940709427 0 0.7560129193650849
vn -0.6545566940709427 0 0.7560129193650849
vn -0.6545566940709427 0 0.7560129193650849
vn -0.6545566940709427 0 0.7560129193650849
vn -0.6545566940709427 0 0.7560129193650849
vn -0.6660157669398957 0 0.7459376637410545
vn -0.6660157669398957 0 0.7459376637410545
vn -0.6660157669398957 0 0.7459376637410545
vn -0.6660157669398957 0 0.7459376637410545
vn -0.6660157669398957 0 0.7459376637410545
vn -0.6660157669398957 0 0.7459376637410545
vn -0.4908437317104261 0 0.8712476290014126
vn -0.4908437317104261 0 0.8712476290014126
vn -0.4908437317104261 0 0.8712476290014126
vn -0.5252692064567692 0 0.8509361084995017
vn -0.5252692064567692 0 0.8509361084995017
vn -0.5252692064567692 0 0.8509361084995017
vn -0.539666120136511 0 0.8418791354920282
vn -0.539666120136511 0 0.8418791354920282
vn -0.539666120136511 0 0.8418791354920282
vn -0.539666120136511 0 0.8418791354920282
vn -0.539666120136511 0 0.8418791354920282
vn -0.539666120136511 0 0.8418791354920282
vn -0.5496165069498783 0 0.8354170786428863
vn -0.5496165069498783 0 0.8354170786428863
vn -0.5496165069498783 0 0.8354170786428863
vn -0.5624638767589196 0 0.8268218594965465
vn -0.5624638767589196 0 0.8268218594965465
vn -0.5624638767589196 0 0.8268218594965465
vn -0.5952275320949756 0 0.8035572070712356
vn -0.5952275320949756 0 0.8035572070712356
vn -0.5952275320949756 0 0.8035572070712356
vn -0.6038576971761078 0 0.7970921411989759
vn -0.6038576971761078 0 0.7970921411989759
vn -0.6038576971761078 0 0.7970921411989759
vn -0.5717343640290912 0 0.8204387953944222
vn -0.5717343640290912 0 0.8204387953944222
vn -0.5717343640290912 0 0.8204387953944222
vn -0.3352742112653606 0 0.9421205884919351
vn -0.3352742112653606 0 0.9421205884919351
vn -0.3352742112653606 0 0.9421205884919351
vn -0.35189457709455624 0 0.9360396394445287
vn -0.35189457709455624 0 0.9360396394445287
vn -0.35189457709455624 0 0.9360396394445287
vn -0.22669582400771293 -0.9732005738623918 -0.038595937757430886
vn -0.22669582400771293 -0.9732005738623918 -0.038595937757430886
vn -0.22669582400771293 -0.9732005738623918 -0.038595937757430886
vn 0.02960127712390642 0.9987792150145111 0.039545468104840865
vn 0.02960127712390642 0.9987792150145111 0.039545468104840865
vn 0.02960127712390642 0.9987792150145111 0.039545468104840865
vn 0.025413151486408173 0.9988899095733847 0.03966258040022106
vn 0.025413151486408173 0.9988899095733847 0.03966258040022106
vn 0.025413151486408173 0.9988899095733847 0.03966258040022106
vn -0.45172516048487454 0 0.892157149489323
vn -0.45172516048487454 0 0.892157149489323
vn -0.45172516048487454 0 0.892157149489323
vn 0.054546764752494384 0.9977412509401066 0.03920518623227576
vn 0.054546764752494384 0.9977412509401066 0.03920518623227576
vn 0.054546764752494384 0.9977412509401066 0.03920518623227576
vn 0.06361636609566007 0.9972065852658264 0.039140570604592605
vn 0.06361636609566007 0.9972065852658264 0.039140570604592605
vn 0.06361636609566007 0.9972065852658264 0.039140570604592605
vn -0.9995518345623382 0.02993541589068408 0.000029975257404840034
vn -0.9995518345623382 0.02993541589068408 0.000029975257404840034
vn -0.9995518345623382 0.02993541589068408 0.000029975257404840034
vn -0.4785168116619141 0 0.8780783911228632
vn -0.4785168116619141 0 0.8780783911228632
vn -0.4785168116619141 0 0.8780783911228632
vn -0.4908437317104261 0 0.8712476290014126
vn -0.4908437317104261 0 0.8712476290014126
vn -0.4908437317104261 0 0.8712476290014126
vn -0.5037144244210537 0 0.8638702325176894
vn -0.5037144244210537 0 0.8638702325176894
vn -0.5037144244210537 0 0.8638702325176894
vn -0.5160126153532225 0 0.8565809832096013
vn -0.5160126153532225 0 0.8565809832096013
vn -0.5160126153532225 0 0.8565809832096013
vn -0.5252692064567692 0 0.8509361084995017
vn -0.5252692064567692 0 0.8509361084995017
vn -0.5252692064567692 0 0.8509361084995017
vn -0.5496165069498783 0 0.8354170786428863
vn -0.5496165069498783 0 0.8354170786428863
vn -0.5496165069498783 0 0.8354170786428863
vn -0.5624638767589196 0 0.8268218594965465
vn -0.5624638767589196 0 0.8268218594965465
vn -0.5624638767589196 0 0.8268218594965465
vn -0.5952275320949756 0 0.8035572070712356
vn -0.5952275320949756 0 0.8035572070712356
vn -0.5952275320949756 0 0.8035572070712356
vn -0.5839969976450392 0 0.8117558171898616
vn -0.5839969976450392 0 0.8117558171898616
vn -0.5839969976450392 0 0.8117558171898616
vn -0.3181359377790428 0 0.9480451070985226
vn -0.3181359377790428 0 0.9480451070985226
vn -0.3181359377790428 0 0.9480451070985226
vn -0.3352742112653606 0 0.9421205884919351
vn -0.3352742112653606 0 0.9421205884919351
vn -0.3352742112653606 0 0.9421205884919351
vn 0.040173835120945606 0.9983718163750266 0.040494187727443835
vn 0.040173835120945606 0.9983718163750266 0.040494187727443835
vn 0.040173835120945606 0.9983718163750266 0.040494187727443835
vn -0.39727293382333556 0 0.9177005045500409
vn -0.39727293382333556 0 0.9177005045500409
vn -0.39727293382333556 0 0.9177005045500409
vn -0.4114764560521379 0 0.9114203893455387
vn -0.4114764560521379 0 0.9114203893455387
vn -0.4114764560521379 0 0.9114203893455387
vn -0.4114764560521379 0 0.9114203893455387
vn -0.4114764560521379 0 0.9114203893455387
vn -0.4114764560521379 0 0.9114203893455387
vn -0.42661867157328276 0 0.9044315944641956
vn -0.42661867157328276 0 0.9044315944641956
vn -0.42661867157328276 0 0.9044315944641956
vn -0.4392889192711843 0 0.8983458384194558
vn -0.4392889192711843 0 0.8983458384194558
vn -0.4392889192711843 0 0.8983458384194558
vn -0.45172516048487454 0 0.892157149489323
vn -0.45172516048487454 0 0.892157149489323
vn -0.45172516048487454 0 0.892157149489323
vn -0.46670791419531293 0 0.8844115121522675
vn -0.46670791419531293 0 0.8844115121522675
vn -0.46670791419531293 0 0.8844115121522675
vn -0.46670791419531293 0 0.8844115121522675
vn -0.46670791419531293 0 0.8844115121522675
vn -0.46670791419531293 0 0.8844115121522675
vn -0.4785168116619141 0 0.8780783911228632
vn -0.4785168116619141 0 0.8780783911228632
vn -0.4785168116619141 0 0.8780783911228632
vn 0.06120585279135568 -0.00956839416404166 0.9980793001646735
vn 0.06120585279135568 -0.00956839416404166 0.9980793001646735
vn 0.06120585279135568 -0.00956839416404166 0.9980793001646735
vn -0.04065413744144972 -0.9983717728178452 -0.040013052238547064
vn -0.04065413744144972 -0.9983717728178452 -0.040013052238547064
vn -0.04065413744144972 -0.9983717728178452 -0.040013052238547064
vn -0.03938784406520348 -0.9984466570331457 -0.03940648169059682
vn -0.03938784406520348 -0.9984466570331457 -0.03940648169059682
vn -0.03938784406520348 -0.9984466570331457 -0.03940648169059682
vn -0.15986065687773743 0 0.9871395901201706
vn -0.15986065687773743 0 0.9871395901201706
vn -0.15986065687773743 0 0.9871395901201706
vn -0.15986065687773743 0 0.9871395901201706
vn -0.15986065687773743 0 0.9871395901201706
vn -0.15986065687773743 0 0.9871395901201706
vn -0.190081011324945 0 0.9817684091137207
vn -0.190081011324945 0 0.9817684091137207
vn -0.190081011324945 0 0.9817684091137207
vn -0.190081011324945 0 0.9817684091137207
vn -0.190081011324945 0 0.9817684091137207
vn -0.190081011324945 0 0.9817684091137207
vn -0.0271631773269241 -0.998847231397628 -0.03957739413856374
vn -0.0271631773269241 -0.998847231397628 -0.03957739413856374
vn -0.0271631773269241 -0.998847231397628 -0.03957739413856374
vn -0.2162435203655506 0 0.9763394593582264
vn -0.2162435203655506 0 0.9763394593582264
vn -0.2162435203655506 0 0.9763394593582264
vn -0.2162435203655506 0 0.9763394593582264
vn -0.2162435203655506 0 0.9763394593582264
vn -0.2162435203655506 0 0.9763394593582264
vn -0.2399936717672117 0 0.9707744524407778
vn -0.2399936717672117 0 0.9707744524407778
vn -0.2399936717672117 0 0.9707744524407778
vn -0.2399936717672117 0 0.9707744524407778
vn -0.2399936717672117 0 0.9707744524407778
vn -0.2399936717672117 0 0.9707744524407778
vn -0.2612380127061567 0 0.9652744173121641
vn -0.2612380127061567 0 0.9652744173121641
vn -0.2612380127061567 0 0.9652744173121641
vn -0.2612380127061567 0 0.9652744173121641
vn -0.2612380127061567 0 0.9652744173121641
vn -0.2612380127061567 0 0.9652744173121641
vn -0.2814044670796677 0 0.9595892485368978
vn -0.2814044670796677 0 0.9595892485368978
vn -0.2814044670796677 0 0.9595892485368978
vn -0.2814044670796677 0 0.9595892485368978
vn -0.2814044670796677 0 0.9595892485368978
vn -0.2814044670796677 0 0.9595892485368978
vn -0.2999826039016155 0 0.9539446720624872
vn -0.2999826039016155 0 0.9539446720624872
vn -0.2999826039016155 0 0.9539446720624872
vn -0.2999826039016155 0 0.9539446720624872
vn -0.2999826039016155 0 0.9539446720624872
vn -0.2999826039016155 0 0.9539446720624872
vn -0.3181359377790428 0 0.9480451070985226
vn -0.3181359377790428 0 0.9480451070985226
vn -0.3181359377790428 0 0.9480451070985226
vn -0.050580902704915595 0 0.9987199668984074
vn -0.050580902704915595 0 0.9987199668984074
vn -0.050580902704915595 0 0.9987199668984074
vn -0.050580902704915595 0 0.9987199668984074
vn -0.050580902704915595 0 0.9987199668984074
vn -0.050580902704915595 0 0.9987199668984074
vn -0.050580902704915595 0 0.9987199668984074
vn -0.050580902704915595 0 0.9987199668984074
vn -0.050580902704915595 0 0.9987199668984074
vn 0.014230574896003738 -0.9991223507296235 -0.039395672486208046
vn 0.014230574896003738 -0.9991223507296235 -0.039395672486208046
vn 0.014230574896003738 -0.9991223507296235 -0.039395672486208046
vn -0.050580902704915595 0 0.9987199668984074
vn -0.050580902704915595 0 0.9987199668984074
vn -0.050580902704915595 0 0.9987199668984074
vn -0.050580902704915595 0 0.9987199668984074
vn -0.050580902704915595 0 0.9987199668984074
vn -0.050580902704915595 0 0.9987199668984074
vn -0.12230348021596918 0 0.9924927499619641
vn -0.12230348021596918 0 0.9924927499619641
vn -0.12230348021596918 0 0.9924927499619641
vn -0.12230348021596918 0 0.9924927499619641
vn -0.12230348021596918 0 0.9924927499619641
vn -0.12230348021596918 0 0.9924927499619641
vn -0.03186441881260061 -0.9986979124984559 -0.039838905418720566
vn -0.03186441881260061 -0.9986979124984559 -0.039838905418720566
vn -0.03186441881260061 -0.9986979124984559 -0.039838905418720566
vn -0.0362970427714107 -0.9985571141049414 -0.03957542869586432
vn -0.0362970427714107 -0.9985571141049414 -0.03957542869586432
vn -0.0362970427714107 -0.9985571141049414 -0.03957542869586432
vn -0.04924649233953181 -0.9980254925276917 -0.03898588535753201
vn -0.04924649233953181 -0.9980254925276917 -0.03898588535753201
vn -0.04924649233953181 -0.9980254925276917 -0.03898588535753201
vn -0.03405791852069688 -0.9986324188525089 -0.039665478729300985
vn -0.03405791852069688 -0.9986324188525089 -0.039665478729300985
vn -0.03405791852069688 -0.9986324188525089 -0.039665478729300985
vn -0.046040664862607404 -0.9981841933545961 -0.03884035679603708
vn -0.046040664862607404 -0.9981841933545961 -0.03884035679603708
vn -0.046040664862607404 -0.9981841933545961 -0.03884035679603708
vn -0.04120107674295996 -0.9983764131200052 -0.03933203530016675
vn -0.04120107674295996 -0.9983764131200052 -0.03933203530016675
vn -0.04120107674295996 -0.9983764131200052 -0.03933203530016675
vn -0.04053526998752277 -0.9984000034506966 -0.03942492861994361
vn -0.04053526998752277 -0.9984000034506966 -0.03942492861994361
vn -0.04053526998752277 -0.9984000034506966 -0.03942492861994361
vn -0.03528577079853127 -0.9985780093134105 -0.03996090207715299
vn -0.03528577079853127 -0.9985780093134105 -0.03996090207715299
vn -0.03528577079853127 -0.9985780093134105 -0.03996090207715299
vn -0.06361636609566007 -0.9972065852658264 -0.039140570604592605
vn -0.06361636609566007 -0.9972065852658264 -0.039140570604592605
vn -0.06361636609566007 -0.9972065852658264 -0.039140570604592605
vn -0.050154433507914396 -0.9979711940847175 -0.03921770743711602
vn -0.050154433507914396 -0.9979711940847175 -0.03921770743711602
vn -0.050154433507914396 -0.9979711940847175 -0.03921770743711602
vn -0.048942892868120584 -0.9980304658718762 -0.039240061534936664
vn -0.048942892868120584 -0.9980304658718762 -0.039240061534936664
vn -0.048942892868120584 -0.9980304658718762 -0.039240061534936664
vn -0.04381931083054328 -0.9982643455649034 -0.039346719967630936
vn -0.04381931083054328 -0.9982643455649034 -0.039346719967630936
vn -0.04381931083054328 -0.9982643455649034 -0.039346719967630936
vn -0.04091278492147982 -0.9983871052783848 -0.039361555403925455
vn -0.04091278492147982 -0.9983871052783848 -0.039361555403925455
vn -0.04091278492147982 -0.9983871052783848 -0.039361555403925455
vn -0.02960127712390642 -0.9987792150145111 -0.039545468104840865
vn -0.02960127712390642 -0.9987792150145111 -0.039545468104840865
vn -0.02960127712390642 -0.9987792150145111 -0.039545468104840865
vn 0.04089649047109481 0.9984082641826869 0.03883831972243364
vn 0.04089649047109481 0.9984082641826869 0.03883831972243364
vn 0.04089649047109481 0.9984082641826869 0.03883831972243364
vn 0.04062326916090926 0.9983916678576897 0.03954525957710979
vn 0.04062326916090926 0.9983916678576897 0.03954525957710979
vn 0.04062326916090926 0.9983916678576897 0.03954525957710979
vn 0.041349932304785536 0.998416954285155 0.03812831617504961
vn 0.041349932304785536 0.998416954285155 0.03812831617504961
vn 0.041349932304785536 0.998416954285155 0.03812831617504961
vn 0.043271333302568396 0.9982925728059918 0.039236855055055433
vn 0.043271333302568396 0.9982925728059918 0.039236855055055433
vn 0.043271333302568396 0.9982925728059918 0.039236855055055433
vn 0.04471977756385611 0.9982506535155218 0.038675240793989485
vn 0.04471977756385611 0.9982506535155218 0.038675240793989485
vn 0.04471977756385611 0.9982506535155218 0.038675240793989485
vn 0.04646549982115323 0.9981533591116931 0.039125810156645395
vn 0.04646549982115323 0.9981533591116931 0.039125810156645395
vn 0.04646549982115323 0.9981533591116931 0.039125810156645395
vn 0.031203254589830857 0.9987144916628483 0.03994647726171259
vn 0.031203254589830857 0.9987144916628483 0.03994647726171259
vn 0.031203254589830857 0.9987144916628483 0.03994647726171259
vn 0.04219868749988238 0.9983357718064688 0.039305947449075285
vn 0.04219868749988238 0.9983357718064688 0.039305947449075285
vn 0.04219868749988238 0.9983357718064688 0.039305947449075285
f 1//1 2//2 3//3
f 4//4 5//5 6//6
f 7//7 8//8 9//9
f 10//10 11//11 12//12
f 13//13 14//14 15//15
f 16//16 17//17 18//18
f 19//19 20//20 21//21
f 22//22 23//23 24//24
f 25//25 26//26 27//27
f 28//28 29//29 30//30
f 31//31 32//32 33//33
f 34//34 35//35 36//36
f 37//37 38//38 39//39
f 40//40 41//41 42//42
f 43//43 44//44 45//45
f 46//46 47//47 48//48
f 49//49 50//50 51//51
f 52//52 53//53 54//54
f 55//55 56//56 57//57
f 58//58 59//59 60//60
f 61//61 62//62 63//63
f 64//64 65//65 66//66
f 67//67 68//68 69//69
f 70//70 71//71 72//72
f 73//73 74//74 75//75
f 76//76 77//77 78//78
f 79//79 80//80 81//81
f 82//82 83//83 84//84
f 85//85 86//86 87//87
f 88//88 89//89 90//90
f 91//91 92//92 93//93
f 94//94 95//95 96//96
f 97//97 98//98 99//99
f 100//100 101//101 102//102
f 103//103 104//104 105//105
f 106//106 107//107 108//108
f 109//109 110//110 111//111
f 112//112 113//113 114//114
f 115//115 116//116 117//117
f 118//118 119//119 120//120
f 121//121 122//122 123//123
f 124//124 125//125 126//126
f 127//127 128//128 129//129
f 130//130 131//131 132//132
f 133//133 134//134 135//135
f 136//136 137//137 138//138
f 139//139 140//140 141//141
f 142//142 143//143 144//144
f 145//145 146//146 147//147
f 148//148 149//149 150//150
f 151//151 152//152 153//153
f 154//154 155//155 156//156
f 157//157 158//158 159//159
f 160//160 161//161 162//162
f 163//163 164//164 165//165
f 166//166 167//167 168//168
f 169//169 170//170 171//171
f 172//172 173//173 174//174
f 175//175 176//176 177//177
f 178//178 179//179 180//180
f 181//181 182//182 183//183
f 184//184 185//185 186//186
f 187//187 188//188 189//189
f 190//190 191//191 192//192
f 193//193 194//194 195//195
f 196//196 197//197 198//198
f 199//199 200//200 201//201
f 202//202 203//203 204//204
f 205//205 206//206 207//207
f 208//208 209//209 210//210
f 211//211 212//212 213//213
f 214//214 215//215 216//216
f 217//217 218//218 219//219
f 220//220 221//221 222//222
f 223//223 224//224 225//225
f 226//226 227//227 228//228
f 229//229 230//230 231//231
f 232//232 233//233 234//234
f 235//235 236//236 237//237
f 238//238 239//239 240//240
f 241//241 242//242 243//243
f 244//244 245//245 246//246
f 247//247 248//248 249//249
f 250//250 251//251 252//252
f 253//253 254//254 255//255
f 256//256 257//257 258//258
f 259//259 260//260 261//261
f 262//262 263//263 264//264
f 265//265 266//266 267//267
f 268//268 269//269 270//270
f 271//271 272//272 273//273
f 274//274 275//275 276//276
f 277//277 278//278 279//279
f 280//280 281//281 282//282
f 283//283 284//284 285//285
f 286//286 287//287 288//288
f 289//289 290//290 291//291
f 292//292 293//293 294//294
f 295//295 296//296 297//297
f 298//298 299//299 300//300
f 301//301 302//302 303//303
f 304//304 305//305 306//306
f 307//307 308//308 309//309
f 310//310 311//311 312//312
f 313//313 314//314 315//315
f 316//316 317//317 318//318
f 319//319 320//320 321//321
f 322//322 323//323 324//324
f 325//325 326//326 327//327
f 328//328 329//329 330//330
f 331//331 332//332 333//333
f 334//334 335//335 336//336
f 337//337 338//338 339//339
f 340//340 341//341 342//342
f 343//343 344//344 345//345
f 346//346 347//347 348//348
f 349//349 350//350 351//351
f 352//352 353//353 354//354
f 355//355 356//356 357//357
f 358//358 359//359 360//360
f 361//361 362//362 363//363
f 364//364 365//365 366//366
f 367//367 368//368 369//369
f 370//370 371//371 372//372
f 373//373 374//374 375//375
f 376//376 377//377 378//378
f 379//379 380//380 381//381
f 382//382 383//383 384//384
f 385//385 386//386 387//387
f 388//388 389//389 390//390
f 391//391 392//392 393//393
f 394//394 395//395 396//396
f 397//397 398//398 399//399
f 400//400 401//401 402//402
f 403//403 404//404 405//405
f 406//406 407//407 408//408
f 409//409 410//410 411//411
f 412//412 413//413 414//414
f 415//415 416//416 417//417
f 418//418 419//419 420//420
f 421//421 422//422 423//423
f 424//424 425//425 426//426
f 427//427 428//428 429//429
f 430//430 431//431 432//432
f 433//433 434//434 435//435
f 436//436 437//437 438//438
f 439//439 440//440 441//441
f 442//442 443//443 444//444
f 445//445 446//446 447//447
f 448//448 449//449 450//450
f 451//451 452//452 453//453
f 454//454 455//455 456//456
f 457//457 458//458 459//459
f 460//460 461//461 462//462
f 463//463 464//464 465//465
f 466//466 467//467 468//468
f 469//469 470//470 471//471
f 472//472 473//473 474//474
f 475//475 476//476 477//477
f 478//478 479//479 480//480
f 481//481 482//482 483//483
f 484//484 485//485 486//486
f 487//487 488//488 489//489
f 490//490 491//491 492//492
f 493//493 494//494 495//495
f 496//496 497//497 498//498
f 499//499 500//500 501//501
f 502//502 503//503 504//504
f 505//505 506//506 507//507
f 508//508 509//509 510//510
f 511//511 512//512 513//513
f 514//514 515//515 516//516
f 517//517 518//518 519//519
f 520//520 521//521 522//522
f 523//523 524//524 525//525
f 526//526 527//527 528//528
f 529//529 530//530 531//531
f 532//532 533//533 534//534
f 535//535 536//536 537//537
f 538//538 539//539 540//540
f 541//541 542//542 543//543
f 544//544 545//545 546//546
f 547//547 548//548 549//549
f 550//550 551//551 552//552
f 553//553 554//554 555//555
f 556//556 557//557 558//558
f 559//559 560//560 561//561
f 562//562 563//563 564//564
f 565//565 566//566 567//567
f 568//568 569//569 570//570
f 571//571 572//572 573//573
f 574//574 575//575 576//576
f 577//577 578//578 579//579
f 580//580 581//581 582//582
f 583//583 584//584 585//585
f 586//586 587//587 588//588
f 589//589 590//590 591//591
f 592//592 593//593 594//594
f 595//595 596//596 597//597
f 598//598 599//599 600//600
f 601//601 602//602 603//603
f 604//604 605//605 606//606
f 607//607 608//608 609//609
f 610//610 611//611 612//612
f 613//613 614//614 615//615
f 616//616 617//617 618//618
f 619//619 620//620 621//621
f 622//622 623//623 624//624
f 625//625 626//626 627//627
f 628//628 629//629 630//630
f 631//631 632//632 633//633
f 634//634 635//635 636//636
f 637//637 638//638 639//639
f 640//640 641//641 642//642
f 643//643 644//644 645//645
f 646//646 647//647 648//648
f 649//649 650//650 651//651
f 652//652 653//653 654//654
f 655//655 656//656 657//657
f 658//658 659//659 660//660
f 661//661 662//662 663//663
f 664//664 665//665 666//666
f 667//667 668//668 669//669
f 670//670 671//671 672//672
f 673//673 674//674 675//675
f 676//676 677//677 678//678
f 679//679 680//680 681//681
f 682//682 683//683 684//684
f 685//685 686//686 687//687
f 688//688 689//689 690//690
f 691//691 692//692 693//693
f 694//694 695//695 696//696
f 697//697 698//698 699//699
f 700//700 701//701 702//702
f 703//703 704//704 705//705
f 706//706 707//707 708//708
f 709//709 710//710 711//711
f 712//712 713//713 714//714
f 715//715 716//716 717//717
f 718//718 719//719 720//720
f 721//721 722//722 723//723
f 724//724 725//725 726//726
f 727//727 728//728 729//729
f 730//730 731//731 732//732
f 733//733 734//734 735//735
f 736//736 737//737 738//738
f 739//739 740//740 741//741
f 742//742 743//743 744//744
f 745//745 746//746 747//747
f 748//748 749//749 750//750
f 751//751 752//752 753//753
f 754//754 755//755 756//756
f 757//757 758//758 759//759
f 760//760 761//761 762//762
f 763//763 764//764 765//765
f 766//766 767//767 768//768
f 769//769 770//770 771//771
f 772//772 773//773 774//774
f 775//775 776//776 777//777
f 778//778 779//779 780//780
f 781//781 782//782 783//783
f 784//784 785//785 786//786
f 787//787 788//788 789//789
f 790//790 791//791 792//792
f 793//793 794//794 795//795
f 796//796 797//797 798//798
f 799//799 800//800 801//801
f 802//802 803//803 804//804
f 805//805 806//806 807//807
f 808//808 809//809 810//810
f 811//811 812//812 813//813
f 814//814 815//815 816//816
f 817//817 818//818 819//819
f 820//820 821//821 822//822
f 823//823 824//824 825//825
f 826//826 827//827 828//828
f 829//829 830//830 831//831
f 832//832 833//833 834//834
f 835//835 836//836 837//837
f 838//838 839//839 840//840
f 841//841 842//842 843//843
f 844//844 845//845 846//846
f 847//847 848//848 849//849
f 850//850 851//851 852//852
f 853//853 854//854 855//855
f 856//856 857//857 858//858
f 859//859 860//860 861//861
f 862//862 863//863 864//864
f 865//865 866//866 867//867
f 868//868 869//869 870//870
f 871//871 872//872 873//873
f 874//874 875//875 876//876
f 877//877 878//878 879//879
f 880//880 881//881 882//882
f 883//883 884//884 885//885
f 886//886 887//887 888//888
f 889//889 890//890 891//891
f 892//892 893//893 894//894
f 895//895 896//896 897//897
f 898//898 899//899 900//900
f 901//901 902//902 903//903
f 904//904 905//905 906//906
f 907//907 908//908 909//909
f 910//910 911//911 912//912
f 913//913 914//914 915//915
f 916//916 917//917 918//918
f 919//919 920//920 921//921
f 922//922 923//923 924//924
f 925//925 926//926 927//927
f 928//928 929//929 930//930
f 931//931 932//932 933//933
f 934//934 935//935 936//936
f 937//937 938//938 939//939
f 940//940 941//941 942//942
f 943//943 944//944 945//945
f 946//946 947//947 948//948
f 949//949 950//950 951//951
f 952//952 953//953 954//954
f 955//955 956//956 957//957
f 958//958 959//959 960//960
f 961//961 962//962 963//963
f 964//964 965//965 966//966
f 967//967 968//968 969//969
f 970//970 971//971 972//972
f 973//973 974//974 975//975
f 976//976 977//977 978//978
f 979//979 980//980 981//981
f 982//982 983//983 984//984
f 985//985 986//986 987//987
f 988//988 989//989 990//990
f 991//991 992//992 993//993
f 994//994 995//995 996//996
f 997//997 998//998 999//999
f 1000//1000 1001//1001 1002//1002
f 1003//1003 1004//1004 1005//1005
f 1006//1006 1007//1007 1008//1008
f 1009//1009 1010//1010 1011//1011
f 1012//1012 1013//1013 1014//1014
f 1015//1015 1016//1016 1017//1017
f 1018//1018 1019//1019 1020//1020
f 1021//1021 1022//1022 1023//1023
f 1024//1024 1025//1025 1026//1026
f 1027//1027 1028//1028 1029//1029
f 1030//1030 1031//1031 1032//1032
f 1033//1033 1034//1034 1035//1035
f 1036//1036 1037//1037 1038//1038
f 1039//1039 1040//1040 1041//1041
f 1042//1042 1043//1043 1044//1044
f 1045//1045 1046//1046 1047//1047
f 1048//1048 1049//1049 1050//1050
f 1051//1051 1052//1052 1053//1053
f 1054//1054 1055//1055 1056//1056
f 1057//1057 1058//1058 1059//1059
f 1060//1060 1061//1061 1062//1062
f 1063//1063 1064//1064 1065//1065
f 1066//1066 1067//1067 1068//1068
f 1069//1069 1070//1070 1071//1071
f 1072//1072 1073//1073 1074//1074
f 1075//1075 1076//1076 1077//1077
f 1078//1078 1079//1079 1080//1080
f 1081//1081 1082//1082 1083//1083
f 1084//1084 1085//1085 1086//1086
f 1087//1087 1088//1088 1089//1089
f 1090//1090 1091//1091 1092//1092
f 1093//1093 1094//1094 1095//1095
f 1096//1096 1097//1097 1098//1098
f 1099//1099 1100//1100 1101//1101
f 1102//1102 1103//1103 1104//1104
f 1105//1105 1106//1106 1107//1107
f 1108//1108 1109//1109 1110//1110
f 1111//1111 1112//1112 1113//1113
f 1114//1114 1115//1115 1116//1116
f 1117//1117 1118//1118 1119//1119
f 1120//1120 1121//1121 1122//1122
f 1123//1123 1124//1124 1125//1125
f 1126//1126 1127//1127 1128//1128
f 1129//1129 1130//1130 1131//1131
f 1132//1132 1133//1133 1134//1134
f 1135//1135 1136//1136 1137//1137
f 1138//1138 1139//1139 1140//1140
f 1141//1141 1142//1142 1143//1143
f 1144//1144 1145//1145 1146//1146
f 1147//1147 1148//1148 1149//1149
f 1150//1150 1151//1151 1152//1152
f 1153//1153 1154//1154 1155//1155
f 1156//1156 1157//1157 1158//1158
f 1159//1159 1160//1160 1161//1161
f 1162//1162 1163//1163 1164//1164
f 1165//1165 1166//1166 1167//1167
f 1168//1168 1169//1169 1170//1170
f 1171//1171 1172//1172 1173//1173
f 1174//1174 1175//1175 1176//1176
f 1177//1177 1178//1178 1179//1179
f 1180//1180 1181//1181 1182//1182
f 1183//1183 1184//1184 1185//1185
f 1186//1186 1187//1187 1188//1188
f 1189//1189 1190//1190 1191//1191
f 1192//1192 1193//1193 1194//1194
f 1195//1195 1196//1196 1197//1197
f 1198//1198 1199//1199 1200//1200
f 1201//1201 1202//1202 1203//1203
f 1204//1204 1205//1205 1206//1206
f 1207//1207 1208//1208 1209//1209
f 1210//1210 1211//1211 1212//1212
f 1213//1213 1214//1214 1215//1215
f 1216//1216 1217//1217 1218//1218
f 1219//1219 1220//1220 1221//1221
f 1222//1222 1223//1223 1224//1224
f 1225//1225 1226//1226 1227//1227
f 1228//1228 1229//1229 1230//1230
f 1231//1231 1232//1232 1233//1233
f 1234//1234 1235//1235 1236//1236
f 1237//1237 1238//1238 1239//1239
f 1240//1240 1241//1241 1242//1242
f 1243//1243 1244//1244 1245//1245
f 1246//1246 1247//1247 1248//1248
f 1249//1249 1250//1250 1251//1251
f 1252//1252 1253//1253 1254//1254
f 1255//1255 1256//1256 1257//1257
f 1258//1258 1259//1259 1260//1260
f 1261//1261 1262//1262 1263//1263
f 1264//1264 1265//1265 1266//1266
f 1267//1267 1268//1268 1269//1269
f 1270//1270 1271//1271 1272//1272
f 1273//1273 1274//1274 1275//1275
f 1276//1276 1277//1277 1278//1278
f 1279//1279 1280//1280 1281//1281
f 1282//1282 1283//1283 1284//1284
f 1285//1285 1286//1286 1287//1287
f 1288//1288 1289//1289 1290//1290
f 1291//1291 1292//1292 1293//1293
f 1294//1294 1295//1295 1296//1296
f 1297//1297 1298//1298 1299//1299
f 1300//1300 1301//1301 1302//1302
f 1303//1303 1304//1304 1305//1305
f 1306//1306 1307//1307 1308//1308
f 1309//1309 1310//1310 1311//1311
f 1312//1312 1313//1313 1314//1314
f 1315//1315 1316//1316 1317//1317
f 1318//1318 1319//1319 1320//1320
f 1321//1321 1322//1322 1323//1323
f 1324//1324 1325//1325 1326//1326
f 1327//1327 1328//1328 1329//1329
f 1330//1330 1331//1331 1332//1332
f 1333//1333 1334//1334 1335//1335
f 1336//1336 1337//1337 1338//1338
f 1339//1339 1340//1340 1341//1341
f 1342//1342 1343//1343 1344//1344
f 1345//1345 1346//1346 1347//1347
f 1348//1348 1349//1349 1350//1350
f 1351//1351 1352//1352 1353//1353
f 1354//1354 1355//1355 1356//1356
f 1357//1357 1358//1358 1359//1359
f 1360//1360 1361//1361 1362//1362
f 1363//1363 1364//1364 1365//1365
f 1366//1366 1367//1367 1368//1368
f 1369//1369 1370//1370 1371//1371
f 1372//1372 1373//1373 1374//1374
f 1375//1375 1376//1376 1377//1377
f 1378//1378 1379//1379 1380//1380
f 1381//1381 1382//1382 1383//1383
f 1384//1384 1385//1385 1386//1386
f 1387//1387 1388//1388 1389//1389
f 1390//1390 1391//1391 1392//1392
f 1393//1393 1394//1394 1395//1395
f 1396//1396 1397//1397 1398//1398
f 1399//1399 1400//1400 1401//1401
f 1402//1402 1403//1403 1404//1404
f 1405//1405 1406//1406 1407//1407
f 1408//1408 1409//1409 1410//1410
f 1411//1411 1412//1412 1413//1413
f 1414//1414 1415//1415 1416//1416
f 1417//1417 1418//1418 1419//1419
f 1420//1420 1421//1421 1422//1422
f 1423//1423 1424//1424 1425//1425
f 1426//1426 1427//1427 1428//1428
f 1429//1429 1430//1430 1431//1431
f 1432//1432 1433//1433 1434//1434
f 1435//1435 1436//1436 1437//1437
f 1438//1438 1439//1439 1440//1440
f 1441//1441 1442//1442 1443//1443
f 1444//1444 1445//1445 1446//1446
f 1447//1447 1448//1448 1449//1449
f 1450//1450 1451//1451 1452//1452
f 1453//1453 1454//1454 1455//1455
f 1456//1456 1457//1457 1458//1458
f 1459//1459 1460//1460 1461//1461
f 1462//1462 1463//1463 1464//1464
f 1465//1465 1466//1466 1467//1467
f 1468//1468 1469//1469 1470//1470
f 1471//1471 1472//1472 1473//1473
f 1474//1474 1475//1475 1476//1476
f 1477//1477 1478//1478 1479//1479
f 1480//1480 1481//1481 1482//1482
f 1483//1483 1484//1484 1485//1485
f 1486//1486 1487//1487 1488//1488
f 1489//1489 1490//1490 1491//1491
f 1492//1492 1493//1493 1494//1494
f 1495//1495 1496//1496 1497//1497
f 1498//1498 1499//1499 1500//1500
f 1501//1501 1502//1502 1503//1503
f 1504//1504 1505//1505 1506//1506
f 1507//1507 1508//1508 1509//1509
f 1510//1510 1511//1511 1512//1512
f 1513//1513 1514//1514 1515//1515
f 1516//1516 1517//1517 1518//1518
f 1519//1519 1520//1520 1521//1521
f 1522//1522 1523//1523 1524//1524
f 1525//1525 1526//1526 1527//1527
f 1528//1528 1529//1529 1530//1530
f 1531//1531 1532//1532 1533//1533
f 1534//1534 1535//1535 1536//1536
f 1537//1537 1538//1538 1539//1539
f 1540//1540 1541//1541 1542//1542
f 1543//1543 1544//1544 1545//1545
f 1546//1546 1547//1547 1548//1548
f 1549//1549 1550//1550 1551//1551
f 1552//1552 1553//1553 1554//1554
f 1555//1555 1556//1556 1557//1557
f 1558//1558 1559//1559 1560//1560
f 1561//1561 1562//1562 1563//1563
f 1564//1564 1565//1565 1566//1566
f 1567//1567 1568//1568 1569//1569
f 1570//1570 1571//1571 1572//1572
f 1573//1573 1574//1574 1575//1575
f 1576//1576 1577//1577 1578//1578
f 1579//1579 1580//1580 1581//1581
f 1582//1582 1583//1583 1584//1584
f 1585//1585 1586//1586 1587//1587
f 1588//1588 1589//1589 1590//1590
f 1591//1591 1592//1592 1593//1593
f 1594//1594 1595//1595 1596//1596
f 1597//1597 1598//1598 1599//1599
f 1600//1600 1601//1601 1602//1602
f 1603//1603 1604//1604 1605//1605
f 1606//1606 1607//1607 1608//1608
f 1609//1609 1610//1610 1611//1611
f 1612//1612 1613//1613 1614//1614
f 1615//1615 1616//1616 1617//1617
f 1618//1618 1619//1619 1620//1620
f 1621//1621 1622//1622 1623//1623
f 1624//1624 1625//1625 1626//1626
f 1627//1627 1628//1628 1629//1629
f 1630//1630 1631//1631 1632//1632
f 1633//1633 1634//1634 1635//1635
f 1636//1636 1637//1637 1638//1638
f 1639//1639 1640//1640 1641//1641
f 1642//1642 1643//1643 1644//1644
f 1645//1645 1646//1646 1647//1647
f 1648//1648 1649//1649 1650//1650
f 1651//1651 1652//1652 1653//1653
f 1654//1654 1655//1655 1656//1656
f 1657//1657 1658//1658 1659//1659
f 1660//1660 1661//1661 1662//1662
f 1663//1663 1664//1664 1665//1665
f 1666//1666 1667//1667 1668//1668
f 1669//1669 1670//1670 1671//1671
f 1672//1672 1673//1673 1674//1674
f 1675//1675 1676//1676 1677//1677
f 1678//1678 1679//1679 1680//1680
f 1681//1681 1682//1682 1683//1683
f 1684//1684 1685//1685 1686//1686
f 1687//1687 1688//1688 1689//1689
f 1690//1690 1691//1691 1692//1692
f 1693//1693 1694//1694 1695//1695
f 1696//1696 1697//1697 1698//1698
f 1699//1699 1700//1700 1701//1701
f 1702//1702 1703//1703 1704//1704
f 1705//1705 1706//1706 1707//1707
f 1708//1708 1709//1709 1710//1710
f 1711//1711 1712//1712 1713//1713
f 1714//1714 1715//1715 1716//1716
f 1717//1717 1718//1718 1719//1719
f 1720//1720 1721//1721 1722//1722
f 1723//1723 1724//1724 1725//1725
f 1726//1726 1727//1727 1728//1728
f 1729//1729 1730//1730 1731//1731
f 1732//1732 1733//1733 1734//1734
f 1735//1735 1736//1736 1737//1737
f 1738//1738 1739//1739 1740//1740
f 1741//1741 1742//1742 1743//1743
f 1744//1744 1745//1745 1746//1746
f 1747//1747 1748//1748 1749//1749
f 1750//1750 1751//1751 1752//1752
f 1753//1753 1754//1754 1755//1755
f 1756//1756 1757//1757 1758//1758
f 1759//1759 1760//1760 1761//1761
f 1762//1762 1763//1763 1764//1764
f 1765//1765 1766//1766 1767//1767
f 1768//1768 1769//1769 1770//1770
f 1771//1771 1772//1772 1773//1773
f 1774//1774 1775//1775 1776//1776
f 1777//1777 1778//1778 1779//1779
f 1780//1780 1781//1781 1782//1782
f 1783//1783 1784//1784 1785//1785
f 1786//1786 1787//1787 1788//1788
f 1789//1789 1790//1790 1791//1791
f 1792//1792 1793//1793 1794//1794
f 1795//1795 1796//1796 1797//1797
f 1798//1798 1799//1799 1800//1800
f 1801//1801 1802//1802 1803//1803
f 1804//1804 1805//1805 1806//1806
f 1807//1807 1808//1808 1809//1809
f 1810//1810 1811//1811 1812//1812
f 1813//1813 1814//1814 1815//1815
f 1816//1816 1817//1817 1818//1818
f 1819//1819 1820//1820 1821//1821
f 1822//1822 1823//1823 1824//1824
f 1825//1825 1826//1826 1827//1827
f 1828//1828 1829//1829 1830//1830
f 1831//1831 1832//1832 1833//1833
f 1834//1834 1835//1835 1836//1836
f 1837//1837 1838//1838 1839//1839
f 1840//1840 1841//1841 1842//1842
f 1843//1843 1844//1844 1845//1845
f 1846//1846 1847//1847 1848//1848
f 1849//1849 1850//1850 1851//1851
f 1852//1852 1853//1853 1854//1854
f 1855//1855 1856//1856 1857//1857
f 1858//1858 1859//1859 1860//1860
f 1861//1861 1862//1862 1863//1863
f 1864//1864 1865//1865 1866//1866
f 1867//1867 1868//1868 1869//1869
f 1870//1870 1871//1871 1872//1872
f 1873//1873 1874//1874 1875//1875
f 1876//1876 1877//1877 1878//1878
f 1879//1879 1880//1880 1881//1881
f 1882//1882 1883//1883 1884//1884
f 1885//1885 1886//1886 1887//1887
f 1888//1888 1889//1889 1890//1890
f 1891//1891 1892//1892 1893//1893
f 1894//1894 1895//1895 1896//1896
f 1897//1897 1898//1898 1899//1899
f 1900//1900 1901//1901 1902//1902
f 1903//1903 1904//1904 1905//1905
f 1906//1906 1907//1907 1908//1908
f 1909//1909 1910//1910 1911//1911
f 1912//1912 1913//1913 1914//1914
f 1915//1915 1916//1916 1917//1917
f 1918//1918 1919//1919 1920//1920
f 1921//1921 1922//1922 1923//1923
f 1924//1924 1925//1925 1926//1926
f 1927//1927 1928//1928 1929//1929
f 1930//1930 1931//1931 1932//1932
f 1933//1933 1934//1934 1935//1935
f 1936//1936 1937//1937 1938//1938
f 1939//1939 1940//1940 1941//1941
f 1942//1942 1943//1943 1944//1944
f 1945//1945 1946//1946 1947//1947
f 1948//1948 1949//1949 1950//1950
f 1951//1951 1952//1952 1953//1953
f 1954//1954 1955//1955 1956//1956
f 1957//1957 1958//1958 1959//1959
f 1960//1960 1961//1961 1962//1962
f 1963//1963 1964//1964 1965//1965
f 1966//1966 1967//1967 1968//1968
f 1969//1969 1970//1970 1971//1971
f 1972//1972 1973//1973 1974//1974
f 1975//1975 1976//1976 1977//1977
f 1978//1978 1979//1979 1980//1980
f 1981//1981 1982//1982 1983//1983
f 1984//1984 1985//1985 1986//1986
f 1987//1987 1988//1988 1989//1989
f 1990//1990 1991//1991 1992//1992
f 1993//1993 1994//1994 1995//1995
f 1996//1996 1997//1997 1998//1998
f 1999//1999 2000//2000 2001//2001
f 2002//2002 2003//2003 2004//2004
f 2005//2005 2006//2006 2007//2007
f 2008//2008 2009//2009 2010//2010
f 2011//2011 2012//2012 2013//2013
f 2014//2014 2015//2015 2016//2016
f 2017//2017 2018//2018 2019//2019
f 2020//2020 2021//2021 2022//2022
f 2023//2023 2024//2024 2025//2025
f 2026//2026 2027//2027 2028//2028
f 2029//2029 2030//2030 2031//2031
f 2032//2032 2033//2033 2034//2034
f 2035//2035 2036//2036 2037//2037
f 2038//2038 2039//2039 2040//2040
f 2041//2041 2042//2042 2043//2043
f 2044//2044 2045//2045 2046//2046
f 2047//2047 2048//2048 2049//2049
f 2050//2050 2051//2051 2052//2052
f 2053//2053 2054//2054 2055//2055
f 2056//2056 2057//2057 2058//2058
f 2059//2059 2060//2060 2061//2061
f 2062//2062 2063//2063 2064//2064
f 2065//2065 2066//2066 2067//2067
f 2068//2068 2069//2069 2070//2070
f 2071//2071 2072//2072 2073//2073
f 2074//2074 2075//2075 2076//2076
f 2077//2077 2078//2078 2079//2079
f 2080//2080 2081//2081 2082//2082
f 2083//2083 2084//2084 2085//2085
f 2086//2086 2087//2087 2088//2088
f 2089//2089 2090//2090 2091//2091
f 2092//2092 2093//2093 2094//2094
f 2095//2095 2096//2096 2097//2097
f 2098//2098 2099//2099 2100//2100
f 2101//2101 2102//2102 2103//2103
f 2104//2104 2105//2105 2106//2106
f 2107//2107 2108//2108 2109//2109
f 2110//2110 2111//2111 2112//2112
f 2113//2113 2114//2114 2115//2115
f 2116//2116 2117//2117 2118//2118
f 2119//2119 2120//2120 2121//2121
f 2122//2122 2123//2123 2124//2124
f 2125//2125 2126//2126 2127//2127
f 2128//2128 2129//2129 2130//2130
f 2131//2131 2132//2132 2133//2133
f 2134//2134 2135//2135 2136//2136
f 2137//2137 2138//2138 2139//2139
f 2140//2140 2141//2141 2142//2142
f 2143//2143 2144//2144 2145//2145
f 2146//2146 2147//2147 2148//2148
f 2149//2149 2150//2150 2151//2151
f 2152//2152 2153//2153 2154//2154
f 2155//2155 2156//2156 2157//2157
f 2158//2158 2159//2159 2160//2160
f 2161//2161 2162//2162 2163//2163
f 2164//2164 2165//2165 2166//2166
f 2167//2167 2168//2168 2169//2169
f 2170//2170 2171//2171 2172//2172
f 2173//2173 2174//2174 2175//2175
f 2176//2176 2177//2177 2178//2178
f 2179//2179 2180//2180 2181//2181
f 2182//2182 2183//2183 2184//2184
f 2185//2185 2186//2186 2187//2187
f 2188//2188 2189//2189 2190//2190
f 2191//2191 2192//2192 2193//2193
f 2194//2194 2195//2195 2196//2196
f 2197//2197 2198//2198 2199//2199
f 2200//2200 2201//2201 2202//2202
f 2203//2203 2204//2204 2205//2205
f 2206//2206 2207//2207 2208//2208
f 2209//2209 2210//2210 2211//2211
f 2212//2212 2213//2213 2214//2214
f 2215//2215 2216//2216 2217//2217
f 2218//2218 2219//2219 2220//2220
f 2221//2221 2222//2222 2223//2223
f 2224//2224 2225//2225 2226//2226
f 2227//2227 2228//2228 2229//2229
f 2230//2230 2231//2231 2232//2232
f 2233//2233 2234//2234 2235//2235
f 2236//2236 2237//2237 2238//2238
f 2239//2239 2240//2240 2241//2241
f 2242//2242 2243//2243 2244//2244
f 2245//2245 2246//2246 2247//2247
f 2248//2248 2249//2249 2250//2250
f 2251//2251 2252//2252 2253//2253
f 2254//2254 2255//2255 2256//2256
f 2257//2257 2258//2258 2259//2259
f 2260//2260 2261//2261 2262//2262
f 2263//2263 2264//2264 2265//2265
f 2266//2266 2267//2267 2268//2268
f 2269//2269 2270//2270 2271//2271
f 2272//2272 2273//2273 2274//2274
f 2275//2275 2276//2276 2277//2277
f 2278//2278 2279//2279 2280//2280
f 2281//2281 2282//2282 2283//2283
f 2284//2284 2285//2285 2286//2286
f 2287//2287 2288//2288 2289//2289
f 2290//2290 2291//2291 2292//2292
f 2293//2293 2294//2294 2295//2295
f 2296//2296 2297//2297 2298//2298
f 2299//2299 2300//2300 2301//2301
f 2302//2302 2303//2303 2304//2304
f 2305//2305 2306//2306 2307//2307
f 2308//2308 2309//2309 2310//2310
f 2311//2311 2312//2312 2313//2313
f 2314//2314 2315//2315 2316//2316
f 2317//2317 2318//2318 2319//2319
f 2320//2320 2321//2321 2322//2322
f 2323//2323 2324//2324 2325//2325
f 2326//2326 2327//2327 2328//2328
f 2329//2329 2330//2330 2331//2331
f 2332//2332 2333//2333 2334//2334
f 2335//2335 2336//2336 2337//2337
f 2338//2338 2339//2339 2340//2340
f 2341//2341 2342//2342 2343//2343
f 2344//2344 2345//2345 2346//2346
f 2347//2347 2348//2348 2349//2349
f 2350//2350 2351//2351 2352//2352
f 2353//2353 2354//2354 2355//2355
f 2356//2356 2357//2357 2358//2358
f 2359//2359 2360//2360 2361//2361
f 2362//2362 2363//2363 2364//2364
f 2365//2365 2366//2366 2367//2367
f 2368//2368 2369//2369 2370//2370
f 2371//2371 2372//2372 2373//2373
f 2374//2374 2375//2375 2376//2376
f 2377//2377 2378//2378 2379//2379
f 2380//2380 2381//2381 2382//2382
f 2383//2383 2384//2384 2385//2385
f 2386//2386 2387//2387 2388//2388
f 2389//2389 2390//2390 2391//2391
f 2392//2392 2393//2393 2394//2394
f 2395//2395 2396//2396 2397//2397
f 2398//2398 2399//2399 2400//2400
f 2401//2401 2402//2402 2403//2403
f 2404//2404 2405//2405 2406//2406
f 2407//2407 2408//2408 2409//2409
f 2410//2410 2411//2411 2412//2412
f 2413//2413 2414//2414 2415//2415
f 2416//2416 2417//2417 2418//2418
f 2419//2419 2420//2420 2421//2421
f 2422//2422 2423//2423 2424//2424
f 2425//2425 2426//2426 2427//2427
f 2428//2428 2429//2429 2430//2430
f 2431//2431 2432//2432 2433//2433
f 2434//2434 2435//2435 2436//2436
f 2437//2437 2438//2438 2439//2439
f 2440//2440 2441//2441 2442//2442
f 2443//2443 2444//2444 2445//2445
f 2446//2446 2447//2447 2448//2448
f 2449//2449 2450//2450 2451//2451
f 2452//2452 2453//2453 2454//2454
f 2455//2455 2456//2456 2457//2457
f 2458//2458 2459//2459 2460//2460
